system,model,latent_dim,seed,vpt_0.5_mean,vrmse_0.5-0.7_mean
Rössler,Latent-prediction (two-stage),30,0,0.1593224724,1.313126982
Rössler,Latent-prediction (two-stage),30,1,0.1693733602,1.302682749
Rössler,Latent-prediction (two-stage),30,2,0.1487961438,1.367370853
Rössler,Latent-prediction (two-stage),30,3,0.152413204,1.314778641
Rössler,Latent-prediction (two-stage),30,4,0.1529132955,1.359688997
Rössler,Latent-prediction (two-stage),60,0,0.163653182,1.359594069
Rössler,Latent-prediction (two-stage),60,1,0.164623589,1.462482948
Rössler,Latent-prediction (two-stage),60,2,0.1621687717,1.41935614
Rössler,Latent-prediction (two-stage),60,3,0.1585580572,1.390243677
Rössler,Latent-prediction (two-stage),60,4,0.159638294,1.449661245
Rössler,Latent-prediction (two-stage),120,0,0.1560580877,1.493347802
Rössler,Latent-prediction (two-stage),120,1,0.1872441272,1.701138768
Rössler,Latent-prediction (two-stage),120,2,0.1612020257,2.00128875
Rössler,Latent-prediction (two-stage),120,3,0.1488259198,1.538758962
Rössler,Latent-prediction (two-stage),120,4,0.1599128684,1.864735534
Rössler,Latent-prediction (two-stage),240,0,0.2089843188,1.9857331
Rössler,Latent-prediction (two-stage),240,1,0.2846370126,1.402423341
Rössler,Latent-prediction (two-stage),240,2,0.2905770944,1.279889133
Rössler,Latent-prediction (two-stage),240,3,0.2878420892,1.207542669
Rössler,Latent-prediction (two-stage),240,4,0.3011102569,1.320555629
Rössler,Latent-prediction (two-stage),480,0,0.3984343157,1.317084116
Rössler,Latent-prediction (two-stage),480,1,0.3855957044,1.408710777
Rössler,Latent-prediction (two-stage),480,2,0.3840566233,1.04444728
Rössler,Latent-prediction (two-stage),480,3,0.44498139,1.002542504
Rössler,Latent-prediction (two-stage),480,4,0.4907132833,0.9538315151
Rössler,Latent-prediction+penalty (two-stage),30,0,0.201221307,1.271307857
Rössler,Latent-prediction+penalty (two-stage),30,1,0.1796866191,1.236310923
Rössler,Latent-prediction+penalty (two-stage),30,2,0.1896328025,1.185743704
Rössler,Latent-prediction+penalty (two-stage),30,3,0.1895522607,1.129974739
Rössler,Latent-prediction+penalty (two-stage),30,4,0.1940787113,1.183957107
Rössler,Latent-prediction+penalty (two-stage),60,0,0.2872563305,1.163440659
Rössler,Latent-prediction+penalty (two-stage),60,1,0.2789732137,1.266993173
Rössler,Latent-prediction+penalty (two-stage),60,2,0.2445501251,1.193700692
Rössler,Latent-prediction+penalty (two-stage),60,3,0.1607224358,1.637019232
Rössler,Latent-prediction+penalty (two-stage),60,4,0.2720788334,1.208909303
Rössler,Latent-prediction+penalty (two-stage),120,0,0.2648471536,1.158818041
Rössler,Latent-prediction+penalty (two-stage),120,1,0.1912167918,1.255085745
Rössler,Latent-prediction+penalty (two-stage),120,2,0.2454375496,1.153879667
Rössler,Latent-prediction+penalty (two-stage),120,3,0.2412925743,1.131663601
Rössler,Latent-prediction+penalty (two-stage),120,4,0.2445252303,1.163843774
Rössler,Latent-prediction+penalty (two-stage),240,0,0.3428001708,0.9449295405
Rössler,Latent-prediction+penalty (two-stage),240,1,0.3351840869,0.9316778427
Rössler,Latent-prediction+penalty (two-stage),240,2,0.324826408,0.9749971225
Rössler,Latent-prediction+penalty (two-stage),240,3,0.3345468302,0.9701199429
Rössler,Latent-prediction+penalty (two-stage),240,4,0.3548665568,0.9241941751
Rössler,Latent-prediction+penalty (two-stage),480,0,0.3207329306,1.27384874
Rössler,Latent-prediction+penalty (two-stage),480,1,0.2952006834,1.456457135
Rössler,Latent-prediction+penalty (two-stage),480,2,0.2824479834,1.100266832
Rössler,Latent-prediction+penalty (two-stage),480,3,0.3871543108,1.093011639
Rössler,Latent-prediction+penalty (two-stage),480,4,0.3587242663,1.308902171
Rössler,Spectral-residual (two-stage),30,0,0.2602257612,1.086824606
Rössler,Spectral-residual (two-stage),30,1,0.2544379767,1.199568755
Rössler,Spectral-residual (two-stage),30,2,0.2588912075,1.164703799
Rössler,Spectral-residual (two-stage),30,3,0.277206663,1.079873496
Rössler,Spectral-residual (two-stage),30,4,0.2565657453,1.156493724
Rössler,Spectral-residual (two-stage),60,0,0.2671626091,1.143372962
Rössler,Spectral-residual (two-stage),60,1,0.2688603332,1.199107538
Rössler,Spectral-residual (two-stage),60,2,0.2641151992,1.166678922
Rössler,Spectral-residual (two-stage),60,3,0.2670100677,1.066756043
Rössler,Spectral-residual (two-stage),60,4,0.2688037098,1.165367518
Rössler,Spectral-residual (two-stage),120,0,0.3323070352,0.7105481523
Rössler,Spectral-residual (two-stage),120,1,0.3434933187,0.744657636
Rössler,Spectral-residual (two-stage),120,2,0.3372037342,0.7212767246
Rössler,Spectral-residual (two-stage),120,3,0.3141416804,0.695468965
Rössler,Spectral-residual (two-stage),120,4,0.3384716578,0.7048210151
Rössler,Spectral-residual (two-stage),240,0,0.5062515102,0.4963442811
Rössler,Spectral-residual (two-stage),240,1,0.5185910062,0.4841308779
Rössler,Spectral-residual (two-stage),240,2,0.473354079,0.5215015788
Rössler,Spectral-residual (two-stage),240,3,0.4787689304,0.4567850969
Rössler,Spectral-residual (two-stage),240,4,0.5213982549,0.4956025905
Rössler,Spectral-residual (two-stage),480,0,0.7067362255,0.4503367238
Rössler,Spectral-residual (two-stage),480,1,0.6690382574,0.4762219709
Rössler,Spectral-residual (two-stage),480,2,0.6432826896,0.4114715351
Rössler,Spectral-residual (two-stage),480,3,0.6969328208,0.2754173989
Rössler,Spectral-residual (two-stage),480,4,0.6978907804,0.2917262866
Rössler,Spectral-residual+penalty (two-stage),30,0,0.2283329062,1.048306487
Rössler,Spectral-residual+penalty (two-stage),30,1,0.2262541949,1.146692757
Rössler,Spectral-residual+penalty (two-stage),30,2,0.2335102813,1.114980983
Rössler,Spectral-residual+penalty (two-stage),30,3,0.2659486241,1.011300565
Rössler,Spectral-residual+penalty (two-stage),30,4,0.2363990481,1.11383974
Rössler,Spectral-residual+penalty (two-stage),60,0,0.2914035023,1.088927725
Rössler,Spectral-residual+penalty (two-stage),60,1,0.330272988,1.019322262
Rössler,Spectral-residual+penalty (two-stage),60,2,0.3065802673,0.9925693449
Rössler,Spectral-residual+penalty (two-stage),60,3,0.3390149491,0.8292383368
Rössler,Spectral-residual+penalty (two-stage),60,4,0.3612557203,0.8316459734
Rössler,Spectral-residual+penalty (two-stage),120,0,0.3595160168,0.6795590312
Rössler,Spectral-residual+penalty (two-stage),120,1,0.3769240344,0.7226309614
Rössler,Spectral-residual+penalty (two-stage),120,2,0.3597249375,0.6821186543
Rössler,Spectral-residual+penalty (two-stage),120,3,0.3597183477,0.6756482651
Rössler,Spectral-residual+penalty (two-stage),120,4,0.3763119165,0.6859226141
Rössler,Spectral-residual+penalty (two-stage),240,0,0.526398682,0.4634642212
Rössler,Spectral-residual+penalty (two-stage),240,1,0.5613167368,0.4602829156
Rössler,Spectral-residual+penalty (two-stage),240,2,0.5041237415,0.4803473745
Rössler,Spectral-residual+penalty (two-stage),240,3,0.5201015315,0.4441650996
Rössler,Spectral-residual+penalty (two-stage),240,4,0.5218810178,0.4849385187
Rössler,Spectral-residual+penalty (two-stage),480,0,0.8265665995,0.2350425318
Rössler,Spectral-residual+penalty (two-stage),480,1,0.8281835377,0.2839294614
Rössler,Spectral-residual+penalty (two-stage),480,2,0.8033627433,0.2402809542
Rössler,Spectral-residual+penalty (two-stage),480,3,0.7452889133,0.309693364
Rössler,Spectral-residual+penalty (two-stage),480,4,0.7026988834,0.4511184997
Rössler,Latent-prediction (joint),30,0,0.2657697236,1.290392493
Rössler,Latent-prediction (joint),30,1,0.297505644,1.453494293
Rössler,Latent-prediction (joint),30,2,0.2691205077,1.355960093
Rössler,Latent-prediction (joint),30,3,0.2653533468,1.282413547
Rössler,Latent-prediction (joint),30,4,0.2807151138,1.389753989
Rössler,Latent-prediction (joint),60,0,0.1651017146,1.58355327
Rössler,Latent-prediction (joint),60,1,0.1640175728,1.671960871
Rössler,Latent-prediction (joint),60,2,0.161136372,1.688452401
Rössler,Latent-prediction (joint),60,3,0.1596993105,1.674156307
Rössler,Latent-prediction (joint),60,4,0.1640793215,1.655133427
Rössler,Latent-prediction (joint),120,0,0.1727422051,1.168843184
Rössler,Latent-prediction (joint),120,1,0.2170231253,1.461400617
Rössler,Latent-prediction (joint),120,2,0.1701826835,1.233430905
Rössler,Latent-prediction (joint),120,3,0.1947479407,1.286939525
Rössler,Latent-prediction (joint),120,4,0.2075579962,1.390159987
Rössler,Latent-prediction (joint),240,0,0.2919497224,1.18131138
Rössler,Latent-prediction (joint),240,1,0.2737909573,1.291204092
Rössler,Latent-prediction (joint),240,2,0.2712963573,1.142119912
Rössler,Latent-prediction (joint),240,3,0.284512783,1.138670237
Rössler,Latent-prediction (joint),240,4,0.2733223504,1.205553548
Rössler,Latent-prediction (joint),480,0,0.258309842,1.370592648
Rössler,Latent-prediction (joint),480,1,0.3648283605,1.264670443
Rössler,Latent-prediction (joint),480,2,0.2358452621,1.401579649
Rössler,Latent-prediction (joint),480,3,0.2395304167,1.392657797
Rössler,Latent-prediction (joint),480,4,0.2447910184,1.42625803
Rössler,Latent-prediction+penalty (joint),30,0,0.2571949478,1.282592687
Rössler,Latent-prediction+penalty (joint),30,1,0.2868177436,1.446012947
Rössler,Latent-prediction+penalty (joint),30,2,0.2569264751,1.350421084
Rössler,Latent-prediction+penalty (joint),30,3,0.2542258832,1.278728821
Rössler,Latent-prediction+penalty (joint),30,4,0.2673354079,1.385515445
Rössler,Latent-prediction+penalty (joint),60,0,0.1657275002,1.591090408
Rössler,Latent-prediction+penalty (joint),60,1,0.1652613338,1.712104927
Rössler,Latent-prediction+penalty (joint),60,2,0.1619679053,1.667707025
Rössler,Latent-prediction+penalty (joint),60,3,0.1606189517,1.677680807
Rössler,Latent-prediction+penalty (joint),60,4,0.1646755751,1.619658331
Rössler,Latent-prediction+penalty (joint),120,0,0.204767588,1.28650265
Rössler,Latent-prediction+penalty (joint),120,1,0.215782293,1.461247448
Rössler,Latent-prediction+penalty (joint),120,2,0.2001974495,1.356724539
Rössler,Latent-prediction+penalty (joint),120,3,0.1945426811,1.286890462
Rössler,Latent-prediction+penalty (joint),120,4,0.2078618586,1.390194594
Rössler,Latent-prediction+penalty (joint),240,0,0.2658924889,1.082269812
Rössler,Latent-prediction+penalty (joint),240,1,0.2521444872,1.148660816
Rössler,Latent-prediction+penalty (joint),240,2,0.246317164,1.105278506
Rössler,Latent-prediction+penalty (joint),240,3,0.2462444322,1.033484449
Rössler,Latent-prediction+penalty (joint),240,4,0.2539383733,1.130374371
Rössler,Latent-prediction+penalty (joint),480,0,0.2634828238,1.35310607
Rössler,Latent-prediction+penalty (joint),480,1,0.2309839527,1.345494924
Rössler,Latent-prediction+penalty (joint),480,2,0.2346776496,1.38860277
Rössler,Latent-prediction+penalty (joint),480,3,0.2363551162,1.370010684
Rössler,Latent-prediction+penalty (joint),480,4,0.2413233266,1.406331609
Rössler,Spectral-residual (joint),30,0,0.2364578681,1.080553396
Rössler,Spectral-residual (joint),30,1,0.2316636769,1.180946224
Rössler,Spectral-residual (joint),30,2,0.2353417536,1.118889087
Rössler,Spectral-residual (joint),30,3,0.2360522302,1.068889269
Rössler,Spectral-residual (joint),30,4,0.2383757398,1.149159976
Rössler,Spectral-residual (joint),60,0,0.2791999512,1.028129659
Rössler,Spectral-residual (joint),60,1,0.2865468302,1.099496461
Rössler,Spectral-residual (joint),60,2,0.273686253,1.057770222
Rössler,Spectral-residual (joint),60,3,0.2698514858,1.00107906
Rössler,Spectral-residual (joint),60,4,0.2856230398,1.073037563
Rössler,Spectral-residual (joint),120,0,0.3125079016,0.8764989427
Rössler,Spectral-residual (joint),120,1,0.32335054,0.9066232383
Rössler,Spectral-residual (joint),120,2,0.3087963878,0.883621659
Rössler,Spectral-residual (joint),120,3,0.3063808652,0.8487765187
Rössler,Spectral-residual (joint),120,4,0.3220167185,0.8933792578
Rössler,Spectral-residual (joint),240,0,0.3871201416,0.6162014327
Rössler,Spectral-residual (joint),240,1,0.3872848862,0.640214855
Rössler,Spectral-residual (joint),240,2,0.3792748795,0.6200743788
Rössler,Spectral-residual (joint),240,3,0.3916634328,0.5777497522
Rössler,Spectral-residual (joint),240,4,0.3929201294,0.6340623695
Rössler,Spectral-residual (joint),480,0,0.4192158155,0.5684456029
Rössler,Spectral-residual (joint),480,1,0.4310974434,0.5725402084
Rössler,Spectral-residual (joint),480,2,0.4190513149,0.5684883557
Rössler,Spectral-residual (joint),480,3,0.4266683751,0.5189426524
Rössler,Spectral-residual (joint),480,4,0.4284773934,0.5727501575
Rössler,Spectral-residual+penalty (joint),30,0,0.2344147904,1.080796216
Rössler,Spectral-residual+penalty (joint),30,1,0.2416369516,1.168419076
Rössler,Spectral-residual+penalty (joint),30,2,0.234811642,1.116291983
Rössler,Spectral-residual+penalty (joint),30,3,0.2255612911,1.063240007
Rössler,Spectral-residual+penalty (joint),30,4,0.2386171212,1.138865837
Rössler,Spectral-residual+penalty (joint),60,0,0.2800732198,1.019982928
Rössler,Spectral-residual+penalty (joint),60,1,0.3251951919,1.060863256
Rössler,Spectral-residual+penalty (joint),60,2,0.2747071816,1.049525991
Rössler,Spectral-residual+penalty (joint),60,3,0.3037483678,1.079220053
Rössler,Spectral-residual+penalty (joint),60,4,0.2985099762,1.161792398
Rössler,Spectral-residual+penalty (joint),120,0,0.3118516078,0.8790852579
Rössler,Spectral-residual+penalty (joint),120,1,0.3230461895,0.9091289584
Rössler,Spectral-residual+penalty (joint),120,2,0.3081430228,0.885916346
Rössler,Spectral-residual+penalty (joint),120,3,0.3056564769,0.8493893418
Rössler,Spectral-residual+penalty (joint),120,4,0.320498139,0.8973635555
Rössler,Spectral-residual+penalty (joint),240,0,0.3852637745,0.6202321751
Rössler,Spectral-residual+penalty (joint),240,1,0.3871528464,0.6481308213
Rössler,Spectral-residual+penalty (joint),240,2,0.3787996827,0.6233258429
Rössler,Spectral-residual+penalty (joint),240,3,0.3919912136,0.5779303346
Rössler,Spectral-residual+penalty (joint),240,4,0.3917962048,0.6365875925
Rössler,Spectral-residual+penalty (joint),480,0,0.4193171029,0.5681303178
Rössler,Spectral-residual+penalty (joint),480,1,0.4284920373,0.5704814346
Rössler,Spectral-residual+penalty (joint),480,2,0.4154737934,0.5670968501
Rössler,Spectral-residual+penalty (joint),480,3,0.4265795351,0.5259891042
Rössler,Spectral-residual+penalty (joint),480,4,0.4284285801,0.5778111827
Rössler,ESN,30,0,0.01711489414,3.457098689
Rössler,ESN,30,1,0.01216181585,4.097502122
Rössler,ESN,30,2,0.01203880652,2.696505969
Rössler,ESN,30,3,0.01565708707,2.862070719
Rössler,ESN,30,4,0.005870522912,3.235701104
Rössler,ESN,60,0,0.01746415279,5.110008587
Rössler,ESN,60,1,0.02632424187,6.858757041
Rössler,ESN,60,2,0.003205076576,4.43083087
Rössler,ESN,60,3,0.003041796327,4.251265961
Rössler,ESN,60,4,0.008999450851,4.210132134
Rössler,ESN,120,0,0.0101062908,6.915175797
Rössler,ESN,120,1,0.01743584111,3.427450452
Rössler,ESN,120,2,0.006688632619,2.724756482
Rössler,ESN,120,3,0.009676978461,8.983135022
Rössler,ESN,120,4,0.02551613887,4.075621616
Rössler,ESN,240,0,0.01242418695,4.74820856
Rössler,ESN,240,1,0.009996705107,4.688624966
Rössler,ESN,240,2,0.009463908719,6.52694194
Rössler,ESN,240,3,0.01355592165,2.873769412
Rössler,ESN,240,4,0.01202465068,4.466230534
Rössler,ESN,480,0,0.01661797547,3.234135499
Rössler,ESN,480,1,0.0102483373,3.316170687
Rössler,ESN,480,2,0.008665080237,3.716879457
Rössler,ESN,480,3,0.01433961804,4.744331024
Rössler,ESN,480,4,0.01184526207,6.605795048
Rössler,Kernel DMD,30,0,0.06316724632,1.491289282
Rössler,Kernel DMD,30,1,0.05883629264,1.399041954
Rössler,Kernel DMD,30,2,0.02498431875,1.71482336
Rössler,Kernel DMD,30,3,0.05294014278,1.392523972
Rössler,Kernel DMD,30,4,0.0446184636,1.418010524
Rössler,Kernel DMD,60,0,0.04157691134,1.414715653
Rössler,Kernel DMD,60,1,0.03748221368,1.429743173
Rössler,Kernel DMD,60,2,0.03935542132,1.427000472
Rössler,Kernel DMD,60,3,0.04620806639,1.408144697
Rössler,Kernel DMD,60,4,0.05399182378,1.402518957
Rössler,Kernel DMD,120,0,0.0462310086,1.417015903
Rössler,Kernel DMD,120,1,0.04849228141,1.392196546
Rössler,Kernel DMD,120,2,0.03791372262,1.411588417
Rössler,Kernel DMD,120,3,0.04360339252,1.403331125
Rössler,Kernel DMD,120,4,0.06201183721,1.39535252
Rössler,Kernel DMD,240,0,0.1657538593,1.147806499
Rössler,Kernel DMD,240,1,0.4008120081,0.8538219075
Rössler,Kernel DMD,240,2,0.2220269693,1.09931958
Rössler,Kernel DMD,240,3,0.3242267374,0.742292341
Rössler,Kernel DMD,240,4,0.2410558301,1.040911818
Rössler,Kernel DMD,480,0,0.8222871438,0.2571260738
Rössler,Kernel DMD,480,1,0.7999367869,0.2986577325
Rössler,Kernel DMD,480,2,0.7315394472,0.2825229939
Rössler,Kernel DMD,480,3,0.7052623101,0.2686792629
Rössler,Kernel DMD,480,4,0.5469951797,0.4916428049
Rössler,Neural ODE,30,0,0.1009567393,2.793742052
Rössler,Neural ODE,30,1,0.1119846238,3.107727007
Rössler,Neural ODE,30,2,0.1486675209,2.343245307
Rössler,Neural ODE,30,3,0.1163756178,5.275954728
Rössler,Neural ODE,30,4,0.1151040332,3.316146041
Rössler,Neural ODE,60,0,0.08364293123,4.168842998
Rössler,Neural ODE,60,1,0.1082433339,3.653578098
Rössler,Neural ODE,60,2,0.08239111599,3.008829079
Rössler,Neural ODE,60,3,0.09690402099,4.351050345
Rössler,Neural ODE,60,4,0.09227262188,4.084780808
Rössler,Neural ODE,120,0,0.09811263652,3.045521283
Rössler,Neural ODE,120,1,0.09085557386,2.220108514
Rössler,Neural ODE,120,2,0.08636231619,1.677584989
Rössler,Neural ODE,120,3,0.08042223443,4.67669469
Rössler,Neural ODE,120,4,0.0971922631,3.363517997
Rössler,Neural ODE,240,0,0.07540228202,2.061978484
Rössler,Neural ODE,240,1,0.096435414,1.539689842
Rössler,Neural ODE,240,2,0.07949405089,1.749057649
Rössler,Neural ODE,240,3,0.09503789127,2.269004879
Rössler,Neural ODE,240,4,0.1099266581,1.960299321
Rössler,Neural ODE,480,0,0.06425797791,1.907389131
Rössler,Neural ODE,480,1,0.08606260297,1.727476051
Rössler,Neural ODE,480,2,0.08771859174,2.209652306
Rössler,Neural ODE,480,3,0.07156068094,1.496613899
Rössler,Neural ODE,480,4,0.1051061078,1.486673877
Rössler,Consistent KAE,30,0,0.002655439624,1.870313325
Rössler,Consistent KAE,30,1,0.02149295259,2.65897618
Rössler,Consistent KAE,30,2,0.001696991885,2.445902389
Rössler,Consistent KAE,30,3,0.001634510952,1.949886693
Rössler,Consistent KAE,30,4,0.005114406004,2.003855388
Rössler,Consistent KAE,60,0,0.02897992556,1.459948408
Rössler,Consistent KAE,60,1,0.03650326438,1.386803402
Rössler,Consistent KAE,60,2,0.04715553115,1.491871339
Rössler,Consistent KAE,60,3,0.1030273964,1.419295113
Rössler,Consistent KAE,60,4,0.03090438709,2.644910012
Rössler,Consistent KAE,120,0,0.02664567698,1.399524561
Rössler,Consistent KAE,120,1,0.0310254439,1.375045332
Rössler,Consistent KAE,120,2,0.02461968393,1.414988679
Rössler,Consistent KAE,120,3,0.02639550918,1.388519802
Rössler,Consistent KAE,120,4,0.03257965709,1.384770503
Rössler,Consistent KAE,240,0,0.02245896638,1.392688195
Rössler,Consistent KAE,240,1,0.02815156507,1.367467948
Rössler,Consistent KAE,240,2,0.02490548539,1.398387366
Rössler,Consistent KAE,240,3,0.02476221856,1.381185978
Rössler,Consistent KAE,240,4,0.02583708585,1.366809678
Rössler,Consistent KAE,480,0,0.02546854598,1.38934611
Rössler,Consistent KAE,480,1,0.03124363903,1.368617855
Rössler,Consistent KAE,480,2,0.02396168162,1.397240629
Rössler,Consistent KAE,480,3,0.02645213253,1.381343402
Rössler,Consistent KAE,480,4,0.02852108121,1.375388567
Lorenz-63,Latent-prediction (two-stage),30,0,0.1807193378,1.917195744
Lorenz-63,Latent-prediction (two-stage),30,1,0.1941279157,1.822594809
Lorenz-63,Latent-prediction (two-stage),30,2,0.1908502634,1.853602398
Lorenz-63,Latent-prediction (two-stage),30,3,0.1848878856,1.885253798
Lorenz-63,Latent-prediction (two-stage),30,4,0.1964785553,1.834989355
Lorenz-63,Latent-prediction (two-stage),60,0,0.1873438676,1.908433961
Lorenz-63,Latent-prediction (two-stage),60,1,0.2064349135,1.812415047
Lorenz-63,Latent-prediction (two-stage),60,2,0.1885628292,1.865392443
Lorenz-63,Latent-prediction (two-stage),60,3,0.1890474041,1.861158668
Lorenz-63,Latent-prediction (two-stage),60,4,0.2092400301,1.842412577
Lorenz-63,Latent-prediction (two-stage),120,0,0.1334838224,2.179629711
Lorenz-63,Latent-prediction (two-stage),120,1,0.130510158,2.201220848
Lorenz-63,Latent-prediction (two-stage),120,2,0.1329992476,2.240357924
Lorenz-63,Latent-prediction (two-stage),120,3,0.1297456734,2.183015627
Lorenz-63,Latent-prediction (two-stage),120,4,0.134937547,2.260763206
Lorenz-63,Latent-prediction (two-stage),240,0,0.2341459744,1.971537972
Lorenz-63,Latent-prediction (two-stage),240,1,0.264731377,1.810730613
Lorenz-63,Latent-prediction (two-stage),240,2,0.2355605719,1.886887837
Lorenz-63,Latent-prediction (two-stage),240,3,0.246648608,1.916142913
Lorenz-63,Latent-prediction (two-stage),240,4,0.2837411588,1.909768497
Lorenz-63,Latent-prediction (two-stage),480,0,0.3695349887,1.440553599
Lorenz-63,Latent-prediction (two-stage),480,1,0.3837441685,1.583574532
Lorenz-63,Latent-prediction (two-stage),480,2,0.3504770504,1.713141792
Lorenz-63,Latent-prediction (two-stage),480,3,0.3644093303,1.770562886
Lorenz-63,Latent-prediction (two-stage),480,4,0.3582964635,1.78190758
Lorenz-63,Latent-prediction+penalty (two-stage),30,0,0.2111181339,2.513784724
Lorenz-63,Latent-prediction+penalty (two-stage),30,1,0.2071181339,2.580167869
Lorenz-63,Latent-prediction+penalty (two-stage),30,2,0.2130052671,2.526967919
Lorenz-63,Latent-prediction+penalty (two-stage),30,3,0.2159247555,2.530805211
Lorenz-63,Latent-prediction+penalty (two-stage),30,4,0.2207494357,2.63097312
Lorenz-63,Latent-prediction+penalty (two-stage),60,0,0.2785854026,1.994106988
Lorenz-63,Latent-prediction+penalty (two-stage),60,1,0.4225854026,1.671489823
Lorenz-63,Latent-prediction+penalty (two-stage),60,2,0.4272957111,1.73588504
Lorenz-63,Latent-prediction+penalty (two-stage),60,3,0.4164334086,1.742186048
Lorenz-63,Latent-prediction+penalty (two-stage),60,4,0.4093152746,1.74463448
Lorenz-63,Latent-prediction+penalty (two-stage),120,0,0.3904740406,1.614546919
Lorenz-63,Latent-prediction+penalty (two-stage),120,1,0.3510097818,1.861002703
Lorenz-63,Latent-prediction+penalty (two-stage),120,2,0.3524665162,1.888071605
Lorenz-63,Latent-prediction+penalty (two-stage),120,3,0.371599699,1.833172958
Lorenz-63,Latent-prediction+penalty (two-stage),120,4,0.3605899172,1.913701032
Lorenz-63,Latent-prediction+penalty (two-stage),240,0,0.4018570354,1.383819855
Lorenz-63,Latent-prediction+penalty (two-stage),240,1,0.3902723853,1.533257487
Lorenz-63,Latent-prediction+penalty (two-stage),240,2,0.3868592927,1.53959567
Lorenz-63,Latent-prediction+penalty (two-stage),240,3,0.3976945071,1.545344375
Lorenz-63,Latent-prediction+penalty (two-stage),240,4,0.3953890143,1.578264968
Lorenz-63,Latent-prediction+penalty (two-stage),480,0,0.3980586907,1.436418855
Lorenz-63,Latent-prediction+penalty (two-stage),480,1,0.3514040632,1.47153402
Lorenz-63,Latent-prediction+penalty (two-stage),480,2,0.4924063205,1.408399066
Lorenz-63,Latent-prediction+penalty (two-stage),480,3,0.4645267118,1.245655806
Lorenz-63,Latent-prediction+penalty (two-stage),480,4,0.4246802107,1.316260919
Lorenz-63,Spectral-residual (two-stage),30,0,0.3305011287,1.523218878
Lorenz-63,Spectral-residual (two-stage),30,1,0.3506997743,1.387344258
Lorenz-63,Spectral-residual (two-stage),30,2,0.3306726862,1.511470006
Lorenz-63,Spectral-residual (two-stage),30,3,0.3279097065,1.486675614
Lorenz-63,Spectral-residual (two-stage),30,4,0.358537246,1.369764445
Lorenz-63,Spectral-residual (two-stage),60,0,0.4380526712,1.091616111
Lorenz-63,Spectral-residual (two-stage),60,1,0.4389405568,1.231480112
Lorenz-63,Spectral-residual (two-stage),60,2,0.4265041384,1.162675671
Lorenz-63,Spectral-residual (two-stage),60,3,0.4444905944,1.169061443
Lorenz-63,Spectral-residual (two-stage),60,4,0.443075997,1.174972996
Lorenz-63,Spectral-residual (two-stage),120,0,0.5856674191,0.8584305575
Lorenz-63,Spectral-residual (two-stage),120,1,0.5659924755,0.9302042766
Lorenz-63,Spectral-residual (two-stage),120,2,0.6050443943,0.8478639038
Lorenz-63,Spectral-residual (two-stage),120,3,0.5743837472,0.906187448
Lorenz-63,Spectral-residual (two-stage),120,4,0.575903687,0.9505255488
Lorenz-63,Spectral-residual (two-stage),240,0,0.7801173815,0.6207237909
Lorenz-63,Spectral-residual (two-stage),240,1,0.7620195636,0.6503645465
Lorenz-63,Spectral-residual (two-stage),240,2,0.800951091,0.6329497935
Lorenz-63,Spectral-residual (two-stage),240,3,0.7548352144,0.6607875092
Lorenz-63,Spectral-residual (two-stage),240,4,0.8231121144,0.6463633719
Lorenz-63,Spectral-residual (two-stage),480,0,1.013592175,0.4645065786
Lorenz-63,Spectral-residual (two-stage),480,1,1.024592927,0.460408768
Lorenz-63,Spectral-residual (two-stage),480,2,0.9945613243,0.5169456216
Lorenz-63,Spectral-residual (two-stage),480,3,1.007569601,0.5030319233
Lorenz-63,Spectral-residual (two-stage),480,4,1.032719338,0.465671598
Lorenz-63,Spectral-residual+penalty (two-stage),30,0,0.3992595937,1.348164171
Lorenz-63,Spectral-residual+penalty (two-stage),30,1,0.356358164,1.591021897
Lorenz-63,Spectral-residual+penalty (two-stage),30,2,0.3638103837,1.506161914
Lorenz-63,Spectral-residual+penalty (two-stage),30,3,0.3790850263,1.512887176
Lorenz-63,Spectral-residual+penalty (two-stage),30,4,0.4126711813,1.28692536
Lorenz-63,Spectral-residual+penalty (two-stage),60,0,0.4993769752,1.111046626
Lorenz-63,Spectral-residual+penalty (two-stage),60,1,0.5134657637,1.015164919
Lorenz-63,Spectral-residual+penalty (two-stage),60,2,0.4997050414,1.141934717
Lorenz-63,Spectral-residual+penalty (two-stage),60,3,0.5087705041,1.087474195
Lorenz-63,Spectral-residual+penalty (two-stage),60,4,0.512,1.123197169
Lorenz-63,Spectral-residual+penalty (two-stage),120,0,0.6022332581,0.8439712392
Lorenz-63,Spectral-residual+penalty (two-stage),120,1,0.6260857788,0.8363108113
Lorenz-63,Spectral-residual+penalty (two-stage),120,2,0.6272294959,0.9405561991
Lorenz-63,Spectral-residual+penalty (two-stage),120,3,0.6070579383,0.8865957734
Lorenz-63,Spectral-residual+penalty (two-stage),120,4,0.6088999248,0.9177279466
Lorenz-63,Spectral-residual+penalty (two-stage),240,0,0.8183476298,0.6079927546
Lorenz-63,Spectral-residual+penalty (two-stage),240,1,0.7572520692,0.6563538765
Lorenz-63,Spectral-residual+penalty (two-stage),240,2,0.8491407073,0.5807669361
Lorenz-63,Spectral-residual+penalty (two-stage),240,3,0.8040361174,0.6502396283
Lorenz-63,Spectral-residual+penalty (two-stage),240,4,0.8686170053,0.5910044695
Lorenz-63,Spectral-residual+penalty (two-stage),480,0,1.070702784,0.397284016
Lorenz-63,Spectral-residual+penalty (two-stage),480,1,1.081119639,0.4705703621
Lorenz-63,Spectral-residual+penalty (two-stage),480,2,1.014513168,0.5160404828
Lorenz-63,Spectral-residual+penalty (two-stage),480,3,1.040147479,0.5148731974
Lorenz-63,Spectral-residual+penalty (two-stage),480,4,1.071888638,0.4347796176
Lorenz-63,Latent-prediction (joint),30,0,0.195103085,1.850317898
Lorenz-63,Latent-prediction (joint),30,1,0.2129962378,1.76977263
Lorenz-63,Latent-prediction (joint),30,2,0.1930955606,1.806533391
Lorenz-63,Latent-prediction (joint),30,3,0.1971346877,1.835039647
Lorenz-63,Latent-prediction (joint),30,4,0.2166471031,1.79616492
Lorenz-63,Latent-prediction (joint),60,0,0.1921023326,1.855648795
Lorenz-63,Latent-prediction (joint),60,1,0.2014115877,1.782701706
Lorenz-63,Latent-prediction (joint),60,2,0.1937065463,1.804191694
Lorenz-63,Latent-prediction (joint),60,3,0.1927434161,1.839209784
Lorenz-63,Latent-prediction (joint),60,4,0.2088397291,1.805304855
Lorenz-63,Latent-prediction (joint),120,0,0.2015981941,2.178928218
Lorenz-63,Latent-prediction (joint),120,1,0.2046320542,2.08546331
Lorenz-63,Latent-prediction (joint),120,2,0.2034582393,2.138280182
Lorenz-63,Latent-prediction (joint),120,3,0.2042708804,2.152083123
Lorenz-63,Latent-prediction (joint),120,4,0.2152776524,2.115232546
Lorenz-63,Latent-prediction (joint),240,0,0.2059322799,2.118418838
Lorenz-63,Latent-prediction (joint),240,1,0.1981369451,2.114066282
Lorenz-63,Latent-prediction (joint),240,2,0.2045718585,2.168463791
Lorenz-63,Latent-prediction (joint),240,3,0.202744921,2.133132431
Lorenz-63,Latent-prediction (joint),240,4,0.2014808126,2.166011362
Lorenz-63,Latent-prediction (joint),480,0,0.3457637321,1.537586699
Lorenz-63,Latent-prediction (joint),480,1,0.3735349887,1.603247248
Lorenz-63,Latent-prediction (joint),480,2,0.3072595937,1.740576881
Lorenz-63,Latent-prediction (joint),480,3,0.3681896163,1.382868728
Lorenz-63,Latent-prediction (joint),480,4,0.340523702,1.631300388
Lorenz-63,Latent-prediction+penalty (joint),30,0,0.2229556057,2.455570015
Lorenz-63,Latent-prediction+penalty (joint),30,1,0.2242257336,2.490977002
Lorenz-63,Latent-prediction+penalty (joint),30,2,0.2219382995,2.510046755
Lorenz-63,Latent-prediction+penalty (joint),30,3,0.2233077502,2.46390799
Lorenz-63,Latent-prediction+penalty (joint),30,4,0.2217848006,2.09048333
Lorenz-63,Latent-prediction+penalty (joint),60,0,0.2155274643,2.574171711
Lorenz-63,Latent-prediction+penalty (joint),60,1,0.2151813394,2.590532617
Lorenz-63,Latent-prediction+penalty (joint),60,2,0.2142302483,2.63405311
Lorenz-63,Latent-prediction+penalty (joint),60,3,0.2152114372,2.594399074
Lorenz-63,Latent-prediction+penalty (joint),60,4,0.2178179082,2.690596808
Lorenz-63,Latent-prediction+penalty (joint),120,0,0.2563461249,2.217963639
Lorenz-63,Latent-prediction+penalty (joint),120,1,0.2718434913,1.988269626
Lorenz-63,Latent-prediction+penalty (joint),120,2,0.3684334086,1.875054054
Lorenz-63,Latent-prediction+penalty (joint),120,3,0.3752294959,1.807702609
Lorenz-63,Latent-prediction+penalty (joint),120,4,0.3629676448,1.879952298
Lorenz-63,Latent-prediction+penalty (joint),240,0,0.464620015,1.258587552
Lorenz-63,Latent-prediction+penalty (joint),240,1,0.4435395034,1.637285357
Lorenz-63,Latent-prediction+penalty (joint),240,2,0.4223355907,1.619960103
Lorenz-63,Latent-prediction+penalty (joint),240,3,0.4626215199,1.410442574
Lorenz-63,Latent-prediction+penalty (joint),240,4,0.4429074492,1.624261009
Lorenz-63,Latent-prediction+penalty (joint),480,0,0.3952084274,1.417323534
Lorenz-63,Latent-prediction+penalty (joint),480,1,0.3879247555,1.441870939
Lorenz-63,Latent-prediction+penalty (joint),480,2,0.4227479308,1.346736801
Lorenz-63,Latent-prediction+penalty (joint),480,3,0.410910459,1.323319252
Lorenz-63,Latent-prediction+penalty (joint),480,4,0.4121414597,1.41624802
Lorenz-63,Spectral-residual (joint),30,0,0.3459533484,1.506454811
Lorenz-63,Spectral-residual (joint),30,1,0.3381188864,1.581305558
Lorenz-63,Spectral-residual (joint),30,2,0.3463265613,1.542495558
Lorenz-63,Spectral-residual (joint),30,3,0.3454687735,1.582808494
Lorenz-63,Spectral-residual (joint),30,4,0.3439337848,1.584345525
Lorenz-63,Spectral-residual (joint),60,0,0.4560662152,1.161608166
Lorenz-63,Spectral-residual (joint),60,1,0.4440030098,1.218551962
Lorenz-63,Spectral-residual (joint),60,2,0.4442979684,1.213546428
Lorenz-63,Spectral-residual (joint),60,3,0.4450353649,1.22110123
Lorenz-63,Spectral-residual (joint),60,4,0.4460647103,1.220026453
Lorenz-63,Spectral-residual (joint),120,0,0.5336583898,1.010745966
Lorenz-63,Spectral-residual (joint),120,1,0.5340767494,1.024578392
Lorenz-63,Spectral-residual (joint),120,2,0.5359428141,1.041988321
Lorenz-63,Spectral-residual (joint),120,3,0.536993228,1.025793299
Lorenz-63,Spectral-residual (joint),120,4,0.5505763732,1.042655955
Lorenz-63,Spectral-residual (joint),240,0,0.6723280662,0.7155424046
Lorenz-63,Spectral-residual (joint),240,1,0.6598916479,0.7577973553
Lorenz-63,Spectral-residual (joint),240,2,0.669890143,0.7368189523
Lorenz-63,Spectral-residual (joint),240,3,0.6548532731,0.7562376965
Lorenz-63,Spectral-residual (joint),240,4,0.6730805117,0.7638911366
Lorenz-63,Spectral-residual (joint),480,0,0.8019112114,0.6069566587
Lorenz-63,Spectral-residual (joint),480,1,0.8015079007,0.6110939305
Lorenz-63,Spectral-residual (joint),480,2,0.7949706546,0.5951485772
Lorenz-63,Spectral-residual (joint),480,3,0.8221158766,0.5915043589
Lorenz-63,Spectral-residual (joint),480,4,0.8291708051,0.605254205
Lorenz-63,Spectral-residual+penalty (joint),30,0,0.3503295711,1.454639695
Lorenz-63,Spectral-residual+penalty (joint),30,1,0.3418570354,1.530312108
Lorenz-63,Spectral-residual+penalty (joint),30,2,0.3492731377,1.5050271
Lorenz-63,Spectral-residual+penalty (joint),30,3,0.3490835214,1.538064533
Lorenz-63,Spectral-residual+penalty (joint),30,4,0.3479819413,1.528940277
Lorenz-63,Spectral-residual+penalty (joint),60,0,0.4558103837,1.170168947
Lorenz-63,Spectral-residual+penalty (joint),60,1,0.4446772009,1.231086143
Lorenz-63,Spectral-residual+penalty (joint),60,2,0.4451888638,1.221834772
Lorenz-63,Spectral-residual+penalty (joint),60,3,0.4449119639,1.227581423
Lorenz-63,Spectral-residual+penalty (joint),60,4,0.4489751693,1.226108665
Lorenz-63,Spectral-residual+penalty (joint),120,0,0.5297065463,1.02580217
Lorenz-63,Spectral-residual+penalty (joint),120,1,0.5348261851,1.032971155
Lorenz-63,Spectral-residual+penalty (joint),120,2,0.5335470278,1.043987862
Lorenz-63,Spectral-residual+penalty (joint),120,3,0.536069225,1.026743166
Lorenz-63,Spectral-residual+penalty (joint),120,4,0.5415620767,1.04796056
Lorenz-63,Spectral-residual+penalty (joint),240,0,0.6730383747,0.7123408814
Lorenz-63,Spectral-residual+penalty (joint),240,1,0.8315816403,0.6028861991
Lorenz-63,Spectral-residual+penalty (joint),240,2,0.6719909707,0.7286703887
Lorenz-63,Spectral-residual+penalty (joint),240,3,0.6577547028,0.7405167502
Lorenz-63,Spectral-residual+penalty (joint),240,4,0.6774507148,0.7582156626
Lorenz-63,Spectral-residual+penalty (joint),480,0,0.8023626787,0.59902139
Lorenz-63,Spectral-residual+penalty (joint),480,1,1.121814898,0.417185299
Lorenz-63,Spectral-residual+penalty (joint),480,2,0.7932791573,0.5993661013
Lorenz-63,Spectral-residual+penalty (joint),480,3,0.8341068473,0.5767501168
Lorenz-63,Spectral-residual+penalty (joint),480,4,0.8283220467,0.6103682389
Lorenz-63,ESN,30,0,0.1360240783,3.427063181
Lorenz-63,ESN,30,1,0.08506847254,6.849368215
Lorenz-63,ESN,30,2,0.1570835214,4.805363149
Lorenz-63,ESN,30,3,0.1149947329,3.386016126
Lorenz-63,ESN,30,4,0.09749887133,4.735323746
Lorenz-63,ESN,60,0,0.15131076,4.997147609
Lorenz-63,ESN,60,1,0.195145222,3.838820183
Lorenz-63,ESN,60,2,0.09689691497,4.265853761
Lorenz-63,ESN,60,3,0.1747990971,3.175888504
Lorenz-63,ESN,60,4,0.1270579383,5.861034993
Lorenz-63,ESN,120,0,0.1386124906,3.793313205
Lorenz-63,ESN,120,1,0.08951091046,5.035090034
Lorenz-63,ESN,120,2,0.209227991,3.468529928
Lorenz-63,ESN,120,3,0.1164424379,6.052467209
Lorenz-63,ESN,120,4,0.1622302483,4.493863231
Lorenz-63,ESN,240,0,0.1164845749,4.83698994
Lorenz-63,ESN,240,1,0.146841234,4.158108737
Lorenz-63,ESN,240,2,0.125778781,5.703461403
Lorenz-63,ESN,240,3,0.09905492852,5.166058637
Lorenz-63,ESN,240,4,0.1102633559,4.162406955
Lorenz-63,ESN,480,0,0.1184770504,4.962510005
Lorenz-63,ESN,480,1,0.1509676448,4.214742161
Lorenz-63,ESN,480,2,0.1306606471,4.638488876
Lorenz-63,ESN,480,3,0.1439939804,4.856765231
Lorenz-63,ESN,480,4,0.1627328819,4.618136876
Lorenz-63,Kernel DMD,30,0,0.07702633559,1.743593519
Lorenz-63,Kernel DMD,30,1,0.01933483822,1.798724655
Lorenz-63,Kernel DMD,30,2,0.02613694507,1.819649668
Lorenz-63,Kernel DMD,30,3,0.03940406321,1.829130871
Lorenz-63,Kernel DMD,30,4,0.04319939804,1.88146816
Lorenz-63,Kernel DMD,60,0,0.07442889391,1.821635721
Lorenz-63,Kernel DMD,60,1,0.09629194883,1.869517265
Lorenz-63,Kernel DMD,60,2,0.03916930023,1.820153836
Lorenz-63,Kernel DMD,60,3,0.03202708804,1.802750787
Lorenz-63,Kernel DMD,60,4,0.05357712566,1.824163904
Lorenz-63,Kernel DMD,120,0,0.1809089541,1.5748308
Lorenz-63,Kernel DMD,120,1,0.1035756208,1.637231089
Lorenz-63,Kernel DMD,120,2,0.1611346877,1.684335894
Lorenz-63,Kernel DMD,120,3,0.1226696764,1.541436723
Lorenz-63,Kernel DMD,120,4,0.06307900677,1.83081118
Lorenz-63,Kernel DMD,240,0,0.5240361174,1.119487611
Lorenz-63,Kernel DMD,240,1,0.5111392024,0.9825426114
Lorenz-63,Kernel DMD,240,2,0.4979473288,1.270549348
Lorenz-63,Kernel DMD,240,3,0.5818058691,0.9881844066
Lorenz-63,Kernel DMD,240,4,0.4647072987,1.306052539
Lorenz-63,Kernel DMD,480,0,0.841848006,0.7000473859
Lorenz-63,Kernel DMD,480,1,0.8251768247,0.7243938978
Lorenz-63,Kernel DMD,480,2,0.8326772009,0.6924465624
Lorenz-63,Kernel DMD,480,3,0.8205327314,0.698764742
Lorenz-63,Kernel DMD,480,4,0.8591813394,0.6574411608
Lorenz-63,Neural ODE,30,0,0.4909315275,2.177472167
Lorenz-63,Neural ODE,30,1,0.4612490594,2.087894442
Lorenz-63,Neural ODE,30,2,0.5670368698,1.702085416
Lorenz-63,Neural ODE,30,3,0.4977366441,2.08343153
Lorenz-63,Neural ODE,30,4,0.4758585403,2.248964234
Lorenz-63,Neural ODE,60,0,0.4283912716,2.648011308
Lorenz-63,Neural ODE,60,1,0.4411467269,2.19144803
Lorenz-63,Neural ODE,60,2,0.4836568849,2.063472937
Lorenz-63,Neural ODE,60,3,0.4575199398,2.32187201
Lorenz-63,Neural ODE,60,4,0.5868111362,1.954793357
Lorenz-63,Neural ODE,120,0,0.461020316,2.344641038
Lorenz-63,Neural ODE,120,1,0.3681264108,2.856670838
Lorenz-63,Neural ODE,120,2,0.4285297216,2.873428958
Lorenz-63,Neural ODE,120,3,0.4284785553,2.725924042
Lorenz-63,Neural ODE,120,4,0.4324303988,2.37691994
Lorenz-63,Neural ODE,240,0,0.4836358164,2.136419098
Lorenz-63,Neural ODE,240,1,0.4357562077,2.585304937
Lorenz-63,Neural ODE,240,2,0.3783686983,2.742119775
Lorenz-63,Neural ODE,240,3,0.4417276147,2.643896563
Lorenz-63,Neural ODE,240,4,0.4668442438,2.399873138
Lorenz-63,Neural ODE,480,0,0.3673739654,2.843787941
Lorenz-63,Neural ODE,480,1,0.3453062453,2.7032187
Lorenz-63,Neural ODE,480,2,0.3465944319,2.944082157
Lorenz-63,Neural ODE,480,3,0.3409841986,2.910229083
Lorenz-63,Neural ODE,480,4,0.3067960873,2.692451285
Lorenz-63,Consistent KAE,30,0,0.04909857035,2.083778107
Lorenz-63,Consistent KAE,30,1,0.04730474041,2.327414725
Lorenz-63,Consistent KAE,30,2,0.01031753198,4.560787119
Lorenz-63,Consistent KAE,30,3,0.03513017306,2.11795091
Lorenz-63,Consistent KAE,30,4,0.06821670429,4.069778089
Lorenz-63,Consistent KAE,60,0,0.09308653123,2.132360804
Lorenz-63,Consistent KAE,60,1,0.1391422122,1.840375169
Lorenz-63,Consistent KAE,60,2,0.1138389767,2.335091595
Lorenz-63,Consistent KAE,60,3,0.08027088036,1.95181082
Lorenz-63,Consistent KAE,60,4,0.157944319,2.210334921
Lorenz-63,Consistent KAE,120,0,0.09009480813,1.83719589
Lorenz-63,Consistent KAE,120,1,0.08133032355,1.829192886
Lorenz-63,Consistent KAE,120,2,0.06170353649,1.859330312
Lorenz-63,Consistent KAE,120,3,0.06232656132,1.868568179
Lorenz-63,Consistent KAE,120,4,0.09083220467,1.891544864
Lorenz-63,Consistent KAE,240,0,0.04944770504,1.823068943
Lorenz-63,Consistent KAE,240,1,0.05058841234,1.818937651
Lorenz-63,Consistent KAE,240,2,0.05463656885,1.853436599
Lorenz-63,Consistent KAE,240,3,0.04959518435,1.847279774
Lorenz-63,Consistent KAE,240,4,0.0474552295,1.859772128
Lorenz-63,Consistent KAE,480,0,0.04462302483,1.791771596
Lorenz-63,Consistent KAE,480,1,0.05065462754,1.795157276
Lorenz-63,Consistent KAE,480,2,0.04797291196,1.814492015
Lorenz-63,Consistent KAE,480,3,0.04593227991,1.801193554
Lorenz-63,Consistent KAE,480,4,0.04835515425,1.844745226
Duffing,Latent-prediction (two-stage),30,0,0.1067418546,3.030646888
Duffing,Latent-prediction (two-stage),30,1,0.1069949875,3.008594336
Duffing,Latent-prediction (two-stage),30,2,0.1072030075,3.075027348
Duffing,Latent-prediction (two-stage),30,3,0.1053182957,3.010160331
Duffing,Latent-prediction (two-stage),30,4,0.1051804511,3.039516726
Duffing,Latent-prediction (two-stage),60,0,0.110566416,2.878296763
Duffing,Latent-prediction (two-stage),60,1,0.109764411,2.833733881
Duffing,Latent-prediction (two-stage),60,2,0.1121203008,2.967983993
Duffing,Latent-prediction (two-stage),60,3,0.1750827068,1.413414695
Duffing,Latent-prediction (two-stage),60,4,0.1078822055,3.013124656
Duffing,Latent-prediction (two-stage),120,0,0.2014711779,1.705336747
Duffing,Latent-prediction (two-stage),120,1,0.1971478697,1.738766855
Duffing,Latent-prediction (two-stage),120,2,0.1522681704,2.498673226
Duffing,Latent-prediction (two-stage),120,3,0.1906992481,1.886150691
Duffing,Latent-prediction (two-stage),120,4,0.1899498747,1.80776542
Duffing,Latent-prediction (two-stage),240,0,0.1940701754,1.715419767
Duffing,Latent-prediction (two-stage),240,1,0.1905714286,1.750621418
Duffing,Latent-prediction (two-stage),240,2,0.1961779449,1.781363686
Duffing,Latent-prediction (two-stage),240,3,0.2022506266,1.753571555
Duffing,Latent-prediction (two-stage),240,4,0.1897769424,1.756251539
Duffing,Latent-prediction (two-stage),480,0,0.3352130326,1.293973681
Duffing,Latent-prediction (two-stage),480,1,0.2937067669,1.434763765
Duffing,Latent-prediction (two-stage),480,2,0.2866992481,1.44427607
Duffing,Latent-prediction (two-stage),480,3,0.3135488722,1.444195839
Duffing,Latent-prediction (two-stage),480,4,0.2784411028,1.542412799
Duffing,Latent-prediction+penalty (two-stage),30,0,0.1821478697,2.87086384
Duffing,Latent-prediction+penalty (two-stage),30,1,0.1472205514,2.789746669
Duffing,Latent-prediction+penalty (two-stage),30,2,0.1871578947,2.917857175
Duffing,Latent-prediction+penalty (two-stage),30,3,0.1906691729,2.841049871
Duffing,Latent-prediction+penalty (two-stage),30,4,0.19039599,2.752752926
Duffing,Latent-prediction+penalty (two-stage),60,0,0.2135338346,2.378577716
Duffing,Latent-prediction+penalty (two-stage),60,1,0.2119649123,2.137848229
Duffing,Latent-prediction+penalty (two-stage),60,2,0.2132681704,2.499721762
Duffing,Latent-prediction+penalty (two-stage),60,3,0.2154210526,2.035585435
Duffing,Latent-prediction+penalty (two-stage),60,4,0.2074486216,2.641997347
Duffing,Latent-prediction+penalty (two-stage),120,0,0.2128571429,1.66432781
Duffing,Latent-prediction+penalty (two-stage),120,1,0.1918947368,2.962897582
Duffing,Latent-prediction+penalty (two-stage),120,2,0.194518797,2.834446261
Duffing,Latent-prediction+penalty (two-stage),120,3,0.1962506266,1.702528691
Duffing,Latent-prediction+penalty (two-stage),120,4,0.1971654135,1.725816179
Duffing,Latent-prediction+penalty (two-stage),240,0,0.4170601504,1.206090186
Duffing,Latent-prediction+penalty (two-stage),240,1,0.3844711779,1.278671851
Duffing,Latent-prediction+penalty (two-stage),240,2,0.4225614035,1.266399001
Duffing,Latent-prediction+penalty (two-stage),240,3,0.3906065163,1.305446973
Duffing,Latent-prediction+penalty (two-stage),240,4,0.3714310777,1.338923202
Duffing,Latent-prediction+penalty (two-stage),480,0,0.3167744361,1.414449244
Duffing,Latent-prediction+penalty (two-stage),480,1,0.2905739348,1.411419126
Duffing,Latent-prediction+penalty (two-stage),480,2,0.3168195489,1.455895224
Duffing,Latent-prediction+penalty (two-stage),480,3,0.2623759398,1.809371417
Duffing,Latent-prediction+penalty (two-stage),480,4,0.3119699248,1.48601527
Duffing,Spectral-residual (two-stage),30,0,0.2603558897,1.804216137
Duffing,Spectral-residual (two-stage),30,1,0.2896015038,1.598652573
Duffing,Spectral-residual (two-stage),30,2,0.3084761905,1.596288622
Duffing,Spectral-residual (two-stage),30,3,0.2926340852,1.469296653
Duffing,Spectral-residual (two-stage),30,4,0.2881453634,1.575027835
Duffing,Spectral-residual (two-stage),60,0,0.339556391,1.295528568
Duffing,Spectral-residual (two-stage),60,1,0.3304385965,1.414380676
Duffing,Spectral-residual (two-stage),60,2,0.377679198,1.232627458
Duffing,Spectral-residual (two-stage),60,3,0.3503984962,1.260549252
Duffing,Spectral-residual (two-stage),60,4,0.3131152882,1.491114993
Duffing,Spectral-residual (two-stage),120,0,0.4578320802,1.119370155
Duffing,Spectral-residual (two-stage),120,1,0.3826917293,1.257900797
Duffing,Spectral-residual (two-stage),120,2,0.4572330827,1.16812265
Duffing,Spectral-residual (two-stage),120,3,0.4867819549,1.050919948
Duffing,Spectral-residual (two-stage),120,4,0.4562781955,1.095939625
Duffing,Spectral-residual (two-stage),240,0,1.143463659,0.6833002262
Duffing,Spectral-residual (two-stage),240,1,0.9241378446,0.7826548505
Duffing,Spectral-residual (two-stage),240,2,0.997245614,0.763042321
Duffing,Spectral-residual (two-stage),240,3,0.9893709273,0.7791970267
Duffing,Spectral-residual (two-stage),240,4,1.009654135,0.779766374
Duffing,Spectral-residual (two-stage),480,0,1.518641604,0.5282333058
Duffing,Spectral-residual (two-stage),480,1,1.360468672,0.5812640073
Duffing,Spectral-residual (two-stage),480,2,1.41112782,0.5531236021
Duffing,Spectral-residual (two-stage),480,3,1.554090226,0.5645555308
Duffing,Spectral-residual (two-stage),480,4,1.456107769,0.6117161025
Duffing,Spectral-residual+penalty (two-stage),30,0,0.2713508772,1.70121452
Duffing,Spectral-residual+penalty (two-stage),30,1,0.2679799499,1.926662878
Duffing,Spectral-residual+penalty (two-stage),30,2,0.3753408521,1.314021183
Duffing,Spectral-residual+penalty (two-stage),30,3,0.2553082707,1.945365776
Duffing,Spectral-residual+penalty (two-stage),30,4,0.2947844612,1.54121684
Duffing,Spectral-residual+penalty (two-stage),60,0,0.4036541353,1.170360192
Duffing,Spectral-residual+penalty (two-stage),60,1,0.3932681704,1.228980839
Duffing,Spectral-residual+penalty (two-stage),60,2,0.3750902256,1.270896105
Duffing,Spectral-residual+penalty (two-stage),60,3,0.3803433584,1.22315103
Duffing,Spectral-residual+penalty (two-stage),60,4,0.3623408521,1.332522692
Duffing,Spectral-residual+penalty (two-stage),120,0,0.606566416,0.974956956
Duffing,Spectral-residual+penalty (two-stage),120,1,0.76,0.913498049
Duffing,Spectral-residual+penalty (two-stage),120,2,0.664726817,0.9466535017
Duffing,Spectral-residual+penalty (two-stage),120,3,0.6183408521,0.9614653925
Duffing,Spectral-residual+penalty (two-stage),120,4,0.6132606516,0.9287741092
Duffing,Spectral-residual+penalty (two-stage),240,0,1.313862155,0.6856258488
Duffing,Spectral-residual+penalty (two-stage),240,1,1.050614035,0.7574209588
Duffing,Spectral-residual+penalty (two-stage),240,2,1.13193985,0.7580037539
Duffing,Spectral-residual+penalty (two-stage),240,3,1.115909774,0.7657972306
Duffing,Spectral-residual+penalty (two-stage),240,4,1.023157895,0.7611399194
Duffing,Spectral-residual+penalty (two-stage),480,0,1.64356391,0.5205867868
Duffing,Spectral-residual+penalty (two-stage),480,1,1.427438596,0.5648501787
Duffing,Spectral-residual+penalty (two-stage),480,2,1.492691729,0.5381162703
Duffing,Spectral-residual+penalty (two-stage),480,3,1.628744361,0.5310568852
Duffing,Spectral-residual+penalty (two-stage),480,4,1.560694236,0.5538437046
Duffing,Latent-prediction (joint),30,0,0.1348621554,2.369847435
Duffing,Latent-prediction (joint),30,1,0.1162957393,2.759799136
Duffing,Latent-prediction (joint),30,2,0.1288972431,2.589375204
Duffing,Latent-prediction (joint),30,3,0.1120325815,2.85717025
Duffing,Latent-prediction (joint),30,4,0.1376516291,2.227835128
Duffing,Latent-prediction (joint),60,0,0.1099122807,2.989117384
Duffing,Latent-prediction (joint),60,1,0.1118496241,2.975413425
Duffing,Latent-prediction (joint),60,2,0.111802005,3.039552646
Duffing,Latent-prediction (joint),60,3,0.1101779449,2.972370234
Duffing,Latent-prediction (joint),60,4,0.1088220551,3.005625466
Duffing,Latent-prediction (joint),120,0,0.1963809524,1.707673157
Duffing,Latent-prediction (joint),120,1,0.1913007519,1.760606804
Duffing,Latent-prediction (joint),120,2,0.198518797,1.770146478
Duffing,Latent-prediction (joint),120,3,0.1928646617,1.761403648
Duffing,Latent-prediction (joint),120,4,0.1915488722,1.747888696
Duffing,Latent-prediction (joint),240,0,0.207,1.608500609
Duffing,Latent-prediction (joint),240,1,0.208593985,1.641841051
Duffing,Latent-prediction (joint),240,2,0.2117092732,1.639986031
Duffing,Latent-prediction (joint),240,3,0.2054887218,1.609009978
Duffing,Latent-prediction (joint),240,4,0.2061879699,1.595490041
Duffing,Latent-prediction (joint),480,0,0.3308170426,1.291224012
Duffing,Latent-prediction (joint),480,1,0.328593985,1.394379512
Duffing,Latent-prediction (joint),480,2,0.3339724311,1.389160019
Duffing,Latent-prediction (joint),480,3,0.3259699248,1.365860338
Duffing,Latent-prediction (joint),480,4,0.3271303258,1.363263975
Duffing,Latent-prediction+penalty (joint),30,0,0.1474360902,2.854949729
Duffing,Latent-prediction+penalty (joint),30,1,0.1466566416,2.809655064
Duffing,Latent-prediction+penalty (joint),30,2,0.1509072682,2.873346662
Duffing,Latent-prediction+penalty (joint),30,3,0.1473082707,2.799929786
Duffing,Latent-prediction+penalty (joint),30,4,0.1486541353,2.84979074
Duffing,Latent-prediction+penalty (joint),60,0,0.197566416,1.7205693
Duffing,Latent-prediction+penalty (joint),60,1,0.193877193,1.767333392
Duffing,Latent-prediction+penalty (joint),60,2,0.2009874687,1.778264557
Duffing,Latent-prediction+penalty (joint),60,3,0.1946892231,1.770309627
Duffing,Latent-prediction+penalty (joint),60,4,0.1931879699,1.756763424
Duffing,Latent-prediction+penalty (joint),120,0,0.2023057644,1.70657072
Duffing,Latent-prediction+penalty (joint),120,1,0.1973258145,1.73780504
Duffing,Latent-prediction+penalty (joint),120,2,0.2038220551,1.76381898
Duffing,Latent-prediction+penalty (joint),120,3,0.1973483709,1.750863146
Duffing,Latent-prediction+penalty (joint),120,4,0.1954686717,1.718912743
Duffing,Latent-prediction+penalty (joint),240,0,0.1768120301,2.978576234
Duffing,Latent-prediction+penalty (joint),240,1,0.1752406015,2.978118939
Duffing,Latent-prediction+penalty (joint),240,2,0.1783909774,2.949119983
Duffing,Latent-prediction+penalty (joint),240,3,0.1761503759,2.899708487
Duffing,Latent-prediction+penalty (joint),240,4,0.179075188,2.923247061
Duffing,Latent-prediction+penalty (joint),480,0,0.3289022556,1.286665988
Duffing,Latent-prediction+penalty (joint),480,1,0.3276741855,1.388315907
Duffing,Latent-prediction+penalty (joint),480,2,0.3325363409,1.392305285
Duffing,Latent-prediction+penalty (joint),480,3,0.3266315789,1.36728331
Duffing,Latent-prediction+penalty (joint),480,4,0.328433584,1.363744199
Duffing,Spectral-residual (joint),30,0,0.2480325815,1.814614795
Duffing,Spectral-residual (joint),30,1,0.2548446115,1.776585767
Duffing,Spectral-residual (joint),30,2,0.2544686717,1.78460122
Duffing,Spectral-residual (joint),30,3,0.2545062657,1.782479016
Duffing,Spectral-residual (joint),30,4,0.2488471178,1.771572662
Duffing,Spectral-residual (joint),60,0,0.299358396,1.535897396
Duffing,Spectral-residual (joint),60,1,0.2878270677,1.560225047
Duffing,Spectral-residual (joint),60,2,0.2965162907,1.570220395
Duffing,Spectral-residual (joint),60,3,0.2952807018,1.532904334
Duffing,Spectral-residual (joint),60,4,0.2969899749,1.54254862
Duffing,Spectral-residual (joint),120,0,0.3856666667,1.145459361
Duffing,Spectral-residual (joint),120,1,0.3942857143,1.185240708
Duffing,Spectral-residual (joint),120,2,0.4000977444,1.209990333
Duffing,Spectral-residual (joint),120,3,0.3969323308,1.170658497
Duffing,Spectral-residual (joint),120,4,0.3905689223,1.20464011
Duffing,Spectral-residual (joint),240,0,0.624887218,0.9543221431
Duffing,Spectral-residual (joint),240,1,0.613160401,0.9783559021
Duffing,Spectral-residual (joint),240,2,0.6300125313,1.016434281
Duffing,Spectral-residual (joint),240,3,0.6354862155,0.9929090656
Duffing,Spectral-residual (joint),240,4,0.6202380952,0.9962870953
Duffing,Spectral-residual (joint),480,0,1.104380952,0.7479387135
Duffing,Spectral-residual (joint),480,1,1.001065163,0.7958147748
Duffing,Spectral-residual (joint),480,2,1.016102757,0.8201285675
Duffing,Spectral-residual (joint),480,3,1.068328321,0.7844176788
Duffing,Spectral-residual (joint),480,4,1.016117794,0.8206361539
Duffing,Spectral-residual+penalty (joint),30,0,0.2425438596,1.870160295
Duffing,Spectral-residual+penalty (joint),30,1,0.2463934837,1.840753914
Duffing,Spectral-residual+penalty (joint),30,2,0.2477944862,1.843692042
Duffing,Spectral-residual+penalty (joint),30,3,0.2492255639,1.836944688
Duffing,Spectral-residual+penalty (joint),30,4,0.2454411028,1.815245685
Duffing,Spectral-residual+penalty (joint),60,0,0.2930576441,1.578054594
Duffing,Spectral-residual+penalty (joint),60,1,0.2862180451,1.585517234
Duffing,Spectral-residual+penalty (joint),60,2,0.2917794486,1.601959289
Duffing,Spectral-residual+penalty (joint),60,3,0.2959047619,1.548881532
Duffing,Spectral-residual+penalty (joint),60,4,0.2927293233,1.566454966
Duffing,Spectral-residual+penalty (joint),120,0,0.3921654135,1.126602923
Duffing,Spectral-residual+penalty (joint),120,1,0.404047619,1.168314354
Duffing,Spectral-residual+penalty (joint),120,2,0.4128370927,1.187818638
Duffing,Spectral-residual+penalty (joint),120,3,0.4034962406,1.162858888
Duffing,Spectral-residual+penalty (joint),120,4,0.3988796992,1.186022014
Duffing,Spectral-residual+penalty (joint),240,0,0.6144486216,0.9652744766
Duffing,Spectral-residual+penalty (joint),240,1,0.6008546366,0.9834527015
Duffing,Spectral-residual+penalty (joint),240,2,0.6167468672,1.02467377
Duffing,Spectral-residual+penalty (joint),240,3,0.6224461153,1.001360186
Duffing,Spectral-residual+penalty (joint),240,4,0.6131052632,1.005359899
Duffing,Spectral-residual+penalty (joint),480,0,1.094303258,0.7430072187
Duffing,Spectral-residual+penalty (joint),480,1,1.002887218,0.7904307424
Duffing,Spectral-residual+penalty (joint),480,2,1.020406015,0.8118175436
Duffing,Spectral-residual+penalty (joint),480,3,1.071070175,0.7837119568
Duffing,Spectral-residual+penalty (joint),480,4,1.047568922,0.8107321417
Duffing,ESN,30,0,0.5461679198,1.419185654
Duffing,ESN,30,1,0.2298997494,2.433068516
Duffing,ESN,30,2,0.3942230576,2.177233306
Duffing,ESN,30,3,0.5455037594,1.884835102
Duffing,ESN,30,4,0.260085213,2.449238381
Duffing,ESN,60,0,0.4195313283,1.665218235
Duffing,ESN,60,1,0.5184285714,1.43810168
Duffing,ESN,60,2,0.2392481203,2.649784774
Duffing,ESN,60,3,0.3139924812,2.223690544
Duffing,ESN,60,4,0.4279674185,1.753705205
Duffing,ESN,120,0,0.4232406015,1.891987261
Duffing,ESN,120,1,0.5197744361,1.828187969
Duffing,ESN,120,2,0.6794636591,1.128216227
Duffing,ESN,120,3,0.319235589,2.156173512
Duffing,ESN,120,4,0.5642882206,1.289054433
Duffing,ESN,240,0,0.4671729323,2.284430192
Duffing,ESN,240,1,0.6081503759,1.430580556
Duffing,ESN,240,2,0.6418646617,1.688907367
Duffing,ESN,240,3,0.2311704261,3.182752906
Duffing,ESN,240,4,0.4015112782,2.005269604
Duffing,ESN,480,0,0.2113032581,3.190165006
Duffing,ESN,480,1,0.5389498747,1.45221404
Duffing,ESN,480,2,0.4130576441,1.998058254
Duffing,ESN,480,3,0.6451253133,1.373356198
Duffing,ESN,480,4,0.3147017544,2.487317062
Duffing,Kernel DMD,30,0,0.03394486216,1.820357921
Duffing,Kernel DMD,30,1,0.03238345865,1.891323541
Duffing,Kernel DMD,30,2,0.009854636591,1.760997677
Duffing,Kernel DMD,30,3,0.0152481203,1.777080694
Duffing,Kernel DMD,30,4,0.04423308271,1.755094917
Duffing,Kernel DMD,60,0,0.02754887218,1.781617374
Duffing,Kernel DMD,60,1,0.09569674185,1.924854872
Duffing,Kernel DMD,60,2,0.0450075188,1.746834565
Duffing,Kernel DMD,60,3,0.03824310777,1.718639107
Duffing,Kernel DMD,60,4,0.06160902256,1.791076394
Duffing,Kernel DMD,120,0,0.0544235589,1.720020652
Duffing,Kernel DMD,120,1,0.06303759398,1.914686403
Duffing,Kernel DMD,120,2,0.1322807018,1.771293982
Duffing,Kernel DMD,120,3,0.1189448622,1.619753907
Duffing,Kernel DMD,120,4,0.06126566416,1.7823744
Duffing,Kernel DMD,240,0,0.2476090226,1.554909232
Duffing,Kernel DMD,240,1,0.3317969925,1.389590644
Duffing,Kernel DMD,240,2,0.3950601504,1.310532616
Duffing,Kernel DMD,240,3,0.222358396,1.611965009
Duffing,Kernel DMD,240,4,0.6927969925,0.9297932639
Duffing,Kernel DMD,480,0,1.039819549,0.8561248128
Duffing,Kernel DMD,480,1,0.9914411028,0.8293145558
Duffing,Kernel DMD,480,2,1.000115288,0.8803701397
Duffing,Kernel DMD,480,3,0.8246842105,0.9210383028
Duffing,Kernel DMD,480,4,0.9889473684,0.8206640838
Duffing,Neural ODE,30,0,0.3335689223,3.748893377
Duffing,Neural ODE,30,1,0.3761102757,3.184919242
Duffing,Neural ODE,30,2,0.31039599,4.306962061
Duffing,Neural ODE,30,3,0.3186666667,3.345400618
Duffing,Neural ODE,30,4,0.3281177945,3.869596452
Duffing,Neural ODE,60,0,0.3098120301,4.426113094
Duffing,Neural ODE,60,1,0.3503458647,2.580424936
Duffing,Neural ODE,60,2,0.3198496241,3.865411313
Duffing,Neural ODE,60,3,0.3271303258,3.61513296
Duffing,Neural ODE,60,4,0.3474686717,2.692064491
Duffing,Neural ODE,120,0,0.2942080201,4.066141702
Duffing,Neural ODE,120,1,0.3339724311,3.32718927
Duffing,Neural ODE,120,2,0.3340125313,4.092346534
Duffing,Neural ODE,120,3,0.2966741855,3.94193493
Duffing,Neural ODE,120,4,0.3525639098,3.507118517
Duffing,Neural ODE,240,0,0.3555313283,3.321216358
Duffing,Neural ODE,240,1,0.2903157895,4.273487328
Duffing,Neural ODE,240,2,0.3370651629,3.425863005
Duffing,Neural ODE,240,3,0.2936491228,3.551110144
Duffing,Neural ODE,240,4,0.3729473684,3.348469875
Duffing,Neural ODE,480,0,0.3270501253,3.135764613
Duffing,Neural ODE,480,1,0.3352055138,3.088484546
Duffing,Neural ODE,480,2,0.3700100251,2.903855318
Duffing,Neural ODE,480,3,0.3707769424,2.880288055
Duffing,Neural ODE,480,4,0.3050350877,3.524922744
Duffing,Consistent KAE,30,0,0.04386466165,1.764724886
Duffing,Consistent KAE,30,1,0.07822305764,1.853383779
Duffing,Consistent KAE,30,2,0.05388220551,1.757171591
Duffing,Consistent KAE,30,3,0.1420501253,1.752712345
Duffing,Consistent KAE,30,4,0.05598245614,1.760212845
Duffing,Consistent KAE,60,0,0.1286140351,1.756195658
Duffing,Consistent KAE,60,1,0.1346541353,2.551424098
Duffing,Consistent KAE,60,2,0.1868546366,1.665014444
Duffing,Consistent KAE,60,3,0.1100651629,1.949435342
Duffing,Consistent KAE,60,4,0.09270927318,1.841707854
Duffing,Consistent KAE,120,0,0.05292230576,1.760826213
Duffing,Consistent KAE,120,1,0.0707593985,1.744017286
Duffing,Consistent KAE,120,2,0.07565162907,1.756662198
Duffing,Consistent KAE,120,3,0.09676691729,1.743836307
Duffing,Consistent KAE,120,4,0.08622807018,1.77302349
Duffing,Consistent KAE,240,0,0.0420877193,1.764759836
Duffing,Consistent KAE,240,1,0.03773182957,1.743837659
Duffing,Consistent KAE,240,2,0.03453132832,1.761122731
Duffing,Consistent KAE,240,3,0.03295739348,1.739695848
Duffing,Consistent KAE,240,4,0.03176441103,1.760573756
Duffing,Consistent KAE,480,0,0.02770927318,1.764806863
Duffing,Consistent KAE,480,1,0.02569924812,1.743715855
Duffing,Consistent KAE,480,2,0.03109022556,1.761063111
Duffing,Consistent KAE,480,3,0.02574686717,1.739691615
Duffing,Consistent KAE,480,4,0.02880952381,1.760159151
Mackey-Glass,Latent-prediction (two-stage),30,0,0.06106164384,0.9218413636
Mackey-Glass,Latent-prediction (two-stage),30,1,0.0608847032,0.8824579559
Mackey-Glass,Latent-prediction (two-stage),30,2,0.06237062405,0.8906876027
Mackey-Glass,Latent-prediction (two-stage),30,3,0.05901065449,0.8918032649
Mackey-Glass,Latent-prediction (two-stage),30,4,0.08671042618,0.8636015774
Mackey-Glass,Latent-prediction (two-stage),60,0,0.11804414,0.8573421142
Mackey-Glass,Latent-prediction (two-stage),60,1,0.1085958904,0.8752750279
Mackey-Glass,Latent-prediction (two-stage),60,2,0.11043379,0.8212672965
Mackey-Glass,Latent-prediction (two-stage),60,3,0.1084703196,0.8649487287
Mackey-Glass,Latent-prediction (two-stage),60,4,0.1088070776,0.8804616924
Mackey-Glass,Latent-prediction (two-stage),120,0,0.1306982496,0.9540778108
Mackey-Glass,Latent-prediction (two-stage),120,1,0.2252644597,0.7726515815
Mackey-Glass,Latent-prediction (two-stage),120,2,0.1539421613,1.109066665
Mackey-Glass,Latent-prediction (two-stage),120,3,0.1317104262,0.9693007606
Mackey-Glass,Latent-prediction (two-stage),120,4,0.13652207,0.9575729886
Mackey-Glass,Latent-prediction (two-stage),240,0,0.255488965,0.8511998674
Mackey-Glass,Latent-prediction (two-stage),240,1,0.2451236682,0.8555208805
Mackey-Glass,Latent-prediction (two-stage),240,2,0.2256240487,1.056993155
Mackey-Glass,Latent-prediction (two-stage),240,3,0.2141343227,1.044178274
Mackey-Glass,Latent-prediction (two-stage),240,4,0.2472792998,0.8921491059
Mackey-Glass,Latent-prediction (two-stage),480,0,0.3989155251,0.6321694793
Mackey-Glass,Latent-prediction (two-stage),480,1,0.3610787671,0.7419443895
Mackey-Glass,Latent-prediction (two-stage),480,2,0.4386358447,0.6326690942
Mackey-Glass,Latent-prediction (two-stage),480,3,0.3890125571,0.6665340458
Mackey-Glass,Latent-prediction (two-stage),480,4,0.3907363014,0.6850099721
Mackey-Glass,Latent-prediction+penalty (two-stage),30,0,0.2025228311,0.7513738909
Mackey-Glass,Latent-prediction+penalty (two-stage),30,1,0.2041267123,0.7704621613
Mackey-Glass,Latent-prediction+penalty (two-stage),30,2,0.2037119482,0.7706225225
Mackey-Glass,Latent-prediction+penalty (two-stage),30,3,0.1954623288,0.8565330708
Mackey-Glass,Latent-prediction+penalty (two-stage),30,4,0.2029604262,0.9224714433
Mackey-Glass,Latent-prediction+penalty (two-stage),60,0,0.3035901826,0.9749288867
Mackey-Glass,Latent-prediction+penalty (two-stage),60,1,0.2982781583,0.9621528881
Mackey-Glass,Latent-prediction+penalty (two-stage),60,2,0.2986910198,0.9353110169
Mackey-Glass,Latent-prediction+penalty (two-stage),60,3,0.3017085236,0.955917761
Mackey-Glass,Latent-prediction+penalty (two-stage),60,4,0.2963831811,0.9441454937
Mackey-Glass,Latent-prediction+penalty (two-stage),120,0,0.2545015221,0.7667327079
Mackey-Glass,Latent-prediction+penalty (two-stage),120,1,0.2427435312,0.8077865512
Mackey-Glass,Latent-prediction+penalty (two-stage),120,2,0.2820452816,0.973149193
Mackey-Glass,Latent-prediction+penalty (two-stage),120,3,0.2464611872,0.821968605
Mackey-Glass,Latent-prediction+penalty (two-stage),120,4,0.2423458904,0.8695496043
Mackey-Glass,Latent-prediction+penalty (two-stage),240,0,0.3828576865,0.6942428485
Mackey-Glass,Latent-prediction+penalty (two-stage),240,1,0.4047450533,0.658346619
Mackey-Glass,Latent-prediction+penalty (two-stage),240,2,0.3993740487,0.6786844707
Mackey-Glass,Latent-prediction+penalty (two-stage),240,3,0.4049486301,0.666080166
Mackey-Glass,Latent-prediction+penalty (two-stage),240,4,0.4104052511,0.6614711542
Mackey-Glass,Latent-prediction+penalty (two-stage),480,0,0.4194520548,0.6460014497
Mackey-Glass,Latent-prediction+penalty (two-stage),480,1,0.3990810502,0.6498125239
Mackey-Glass,Latent-prediction+penalty (two-stage),480,2,0.4224200913,0.6396392531
Mackey-Glass,Latent-prediction+penalty (two-stage),480,3,0.4149638508,0.6394923432
Mackey-Glass,Latent-prediction+penalty (two-stage),480,4,0.4570072298,0.6144748431
Mackey-Glass,Spectral-residual (two-stage),30,0,0.1883999239,0.7499046177
Mackey-Glass,Spectral-residual (two-stage),30,1,0.1814041096,0.7490988845
Mackey-Glass,Spectral-residual (two-stage),30,2,0.2505707763,0.6965589056
Mackey-Glass,Spectral-residual (two-stage),30,3,0.182749239,0.7631961638
Mackey-Glass,Spectral-residual (two-stage),30,4,0.2194596651,0.8037552337
Mackey-Glass,Spectral-residual (two-stage),60,0,0.3424238965,0.6778921954
Mackey-Glass,Spectral-residual (two-stage),60,1,0.3862861492,0.6741742549
Mackey-Glass,Spectral-residual (two-stage),60,2,0.414630898,0.6590315572
Mackey-Glass,Spectral-residual (two-stage),60,3,0.3824334094,0.6873892302
Mackey-Glass,Spectral-residual (two-stage),60,4,0.3988508371,0.680603176
Mackey-Glass,Spectral-residual (two-stage),120,0,0.5413831811,0.5628458725
Mackey-Glass,Spectral-residual (two-stage),120,1,0.5379128615,0.5221645783
Mackey-Glass,Spectral-residual (two-stage),120,2,0.5649562405,0.5372121821
Mackey-Glass,Spectral-residual (two-stage),120,3,0.5467047184,0.5273069868
Mackey-Glass,Spectral-residual (two-stage),120,4,0.5812442922,0.4986097933
Mackey-Glass,Spectral-residual (two-stage),240,0,0.6470300609,0.3665461157
Mackey-Glass,Spectral-residual (two-stage),240,1,0.6545015221,0.3380934931
Mackey-Glass,Spectral-residual (two-stage),240,2,0.6633466514,0.3499428038
Mackey-Glass,Spectral-residual (two-stage),240,3,0.5869767884,0.4521362466
Mackey-Glass,Spectral-residual (two-stage),240,4,0.6675057078,0.3335223432
Mackey-Glass,Spectral-residual (two-stage),480,0,0.97152207,0.1728009271
Mackey-Glass,Spectral-residual (two-stage),480,1,0.9662385845,0.1707289376
Mackey-Glass,Spectral-residual (two-stage),480,2,0.9348687215,0.1843717784
Mackey-Glass,Spectral-residual (two-stage),480,3,0.8721251903,0.1825968671
Mackey-Glass,Spectral-residual (two-stage),480,4,0.8581906393,0.2020088464
Mackey-Glass,Spectral-residual+penalty (two-stage),30,0,0.2251084475,0.7380823759
Mackey-Glass,Spectral-residual+penalty (two-stage),30,1,0.2159094368,0.7996172566
Mackey-Glass,Spectral-residual+penalty (two-stage),30,2,0.2106754186,0.8040610048
Mackey-Glass,Spectral-residual+penalty (two-stage),30,3,0.2100380518,0.8113752649
Mackey-Glass,Spectral-residual+penalty (two-stage),30,4,0.2337994673,0.7141633137
Mackey-Glass,Spectral-residual+penalty (two-stage),60,0,0.4406316591,0.6483587808
Mackey-Glass,Spectral-residual+penalty (two-stage),60,1,0.4176312785,0.6596596606
Mackey-Glass,Spectral-residual+penalty (two-stage),60,2,0.4471328006,0.6338308917
Mackey-Glass,Spectral-residual+penalty (two-stage),60,3,0.3826369863,0.6888844563
Mackey-Glass,Spectral-residual+penalty (two-stage),60,4,0.3941571537,0.6773525463
Mackey-Glass,Spectral-residual+penalty (two-stage),120,0,0.5927777778,0.4952635955
Mackey-Glass,Spectral-residual+penalty (two-stage),120,1,0.5656259513,0.5017056709
Mackey-Glass,Spectral-residual+penalty (two-stage),120,2,0.5834284627,0.5064653887
Mackey-Glass,Spectral-residual+penalty (two-stage),120,3,0.6097012938,0.4668492118
Mackey-Glass,Spectral-residual+penalty (two-stage),120,4,0.6133561644,0.4819756184
Mackey-Glass,Spectral-residual+penalty (two-stage),240,0,0.7588869863,0.2683341271
Mackey-Glass,Spectral-residual+penalty (two-stage),240,1,0.7298306697,0.3027883564
Mackey-Glass,Spectral-residual+penalty (two-stage),240,2,0.727859589,0.2999074871
Mackey-Glass,Spectral-residual+penalty (two-stage),240,3,0.7644178082,0.2833778567
Mackey-Glass,Spectral-residual+penalty (two-stage),240,4,0.7351217656,0.2725543546
Mackey-Glass,Spectral-residual+penalty (two-stage),480,0,0.9520490868,0.1794788802
Mackey-Glass,Spectral-residual+penalty (two-stage),480,1,0.9774600457,0.1502732203
Mackey-Glass,Spectral-residual+penalty (two-stage),480,2,0.9436320396,0.1672797275
Mackey-Glass,Spectral-residual+penalty (two-stage),480,3,0.9331050228,0.1486781634
Mackey-Glass,Spectral-residual+penalty (two-stage),480,4,1.003396119,0.1536297145
Mackey-Glass,Latent-prediction (joint),30,0,0.07327435312,0.8766313468
Mackey-Glass,Latent-prediction (joint),30,1,0.05943683409,0.9942785648
Mackey-Glass,Latent-prediction (joint),30,2,0.06255707763,0.9737366065
Mackey-Glass,Latent-prediction (joint),30,3,0.0611130137,0.99257403
Mackey-Glass,Latent-prediction (joint),30,4,0.06016362253,0.9755245802
Mackey-Glass,Latent-prediction (joint),60,0,0.1103500761,0.8990854169
Mackey-Glass,Latent-prediction (joint),60,1,0.1136929224,0.8872358058
Mackey-Glass,Latent-prediction (joint),60,2,0.1067598935,0.9456275619
Mackey-Glass,Latent-prediction (joint),60,3,0.1147850076,0.9174858145
Mackey-Glass,Latent-prediction (joint),60,4,0.1157648402,0.9159561488
Mackey-Glass,Latent-prediction (joint),120,0,0.2021537291,1.220257115
Mackey-Glass,Latent-prediction (joint),120,1,0.1836225266,1.235619905
Mackey-Glass,Latent-prediction (joint),120,2,0.2030346271,1.299626425
Mackey-Glass,Latent-prediction (joint),120,3,0.2041571537,1.342045722
Mackey-Glass,Latent-prediction (joint),120,4,0.2007020548,1.171083474
Mackey-Glass,Latent-prediction (joint),240,0,0.2222526636,0.948777899
Mackey-Glass,Latent-prediction (joint),240,1,0.2125019026,0.8755337591
Mackey-Glass,Latent-prediction (joint),240,2,0.2197089041,0.985500163
Mackey-Glass,Latent-prediction (joint),240,3,0.2346670472,0.9513596446
Mackey-Glass,Latent-prediction (joint),240,4,0.2170243531,0.9749463682
Mackey-Glass,Latent-prediction (joint),480,0,0.3948401826,0.6373019018
Mackey-Glass,Latent-prediction (joint),480,1,0.3582343988,0.7090887346
Mackey-Glass,Latent-prediction (joint),480,2,0.3589649924,0.7308929586
Mackey-Glass,Latent-prediction (joint),480,3,0.3565353881,0.7160221681
Mackey-Glass,Latent-prediction (joint),480,4,0.3602264079,0.7150711324
Mackey-Glass,Latent-prediction+penalty (joint),30,0,0.08337709285,0.8770436577
Mackey-Glass,Latent-prediction+penalty (joint),30,1,0.08380707763,0.8680839546
Mackey-Glass,Latent-prediction+penalty (joint),30,2,0.0813565449,0.9155194668
Mackey-Glass,Latent-prediction+penalty (joint),30,3,0.08320776256,0.8851646083
Mackey-Glass,Latent-prediction+penalty (joint),30,4,0.08604071537,0.8854867886
Mackey-Glass,Latent-prediction+penalty (joint),60,0,0.182412481,0.8983536252
Mackey-Glass,Latent-prediction+penalty (joint),60,1,0.1830650685,0.9087009151
Mackey-Glass,Latent-prediction+penalty (joint),60,2,0.1879813546,0.8730036507
Mackey-Glass,Latent-prediction+penalty (joint),60,3,0.1809322679,0.8947628331
Mackey-Glass,Latent-prediction+penalty (joint),60,4,0.1867770167,0.9046941589
Mackey-Glass,Latent-prediction+penalty (joint),120,0,0.1982020548,1.278385015
Mackey-Glass,Latent-prediction+penalty (joint),120,1,0.2549048706,0.7547740853
Mackey-Glass,Latent-prediction+penalty (joint),120,2,0.2255041857,0.830678206
Mackey-Glass,Latent-prediction+penalty (joint),120,3,0.2257020548,0.8034228822
Mackey-Glass,Latent-prediction+penalty (joint),120,4,0.283652968,1.203559634
Mackey-Glass,Latent-prediction+penalty (joint),240,0,0.3425532725,0.9173939392
Mackey-Glass,Latent-prediction+penalty (joint),240,1,0.3349828767,0.8951608262
Mackey-Glass,Latent-prediction+penalty (joint),240,2,0.4139554795,0.6915621784
Mackey-Glass,Latent-prediction+penalty (joint),240,3,0.3409874429,0.8996751067
Mackey-Glass,Latent-prediction+penalty (joint),240,4,0.2308923135,0.952200823
Mackey-Glass,Latent-prediction+penalty (joint),480,0,0.3964459665,0.6383907126
Mackey-Glass,Latent-prediction+penalty (joint),480,1,0.3591552511,0.7081386759
Mackey-Glass,Latent-prediction+penalty (joint),480,2,0.3569748858,0.7318235735
Mackey-Glass,Latent-prediction+penalty (joint),480,3,0.3574410198,0.7200844431
Mackey-Glass,Latent-prediction+penalty (joint),480,4,0.3969710807,0.6398367772
Mackey-Glass,Spectral-residual (joint),30,0,0.2228462709,0.7977564261
Mackey-Glass,Spectral-residual (joint),30,1,0.2204680365,0.7995849608
Mackey-Glass,Spectral-residual (joint),30,2,0.2250494673,0.7974992671
Mackey-Glass,Spectral-residual (joint),30,3,0.2206012177,0.7982960097
Mackey-Glass,Spectral-residual (joint),30,4,0.222684551,0.7994084676
Mackey-Glass,Spectral-residual (joint),60,0,0.3592104262,0.6745363361
Mackey-Glass,Spectral-residual (joint),60,1,0.3534284627,0.6721763694
Mackey-Glass,Spectral-residual (joint),60,2,0.3559265601,0.6754271964
Mackey-Glass,Spectral-residual (joint),60,3,0.3512842466,0.6752869886
Mackey-Glass,Spectral-residual (joint),60,4,0.3554984779,0.672198899
Mackey-Glass,Spectral-residual (joint),120,0,0.4653272451,0.6123695169
Mackey-Glass,Spectral-residual (joint),120,1,0.4657591324,0.6085812591
Mackey-Glass,Spectral-residual (joint),120,2,0.4641818874,0.6187949497
Mackey-Glass,Spectral-residual (joint),120,3,0.463814688,0.612964036
Mackey-Glass,Spectral-residual (joint),120,4,0.4655612633,0.6133768177
Mackey-Glass,Spectral-residual (joint),240,0,0.6006430746,0.4299185349
Mackey-Glass,Spectral-residual (joint),240,1,0.5992427702,0.4287406324
Mackey-Glass,Spectral-residual (joint),240,2,0.6008961187,0.4372257134
Mackey-Glass,Spectral-residual (joint),240,3,0.603164003,0.4287575369
Mackey-Glass,Spectral-residual (joint),240,4,0.601282344,0.4313325108
Mackey-Glass,Spectral-residual (joint),480,0,0.7893892694,0.2360729785
Mackey-Glass,Spectral-residual (joint),480,1,0.7752796804,0.2407130481
Mackey-Glass,Spectral-residual (joint),480,2,0.7827891933,0.2468912274
Mackey-Glass,Spectral-residual (joint),480,3,0.7760730594,0.2411548216
Mackey-Glass,Spectral-residual (joint),480,4,0.7711796043,0.2415448123
Mackey-Glass,Spectral-residual+penalty (joint),30,0,0.2176579148,0.8076934981
Mackey-Glass,Spectral-residual+penalty (joint),30,1,0.2160597412,0.8075958152
Mackey-Glass,Spectral-residual+penalty (joint),30,2,0.2215582192,0.8061382495
Mackey-Glass,Spectral-residual+penalty (joint),30,3,0.2171156773,0.8046493119
Mackey-Glass,Spectral-residual+penalty (joint),30,4,0.2190620244,0.8116579607
Mackey-Glass,Spectral-residual+penalty (joint),60,0,0.3580936073,0.6752477039
Mackey-Glass,Spectral-residual+penalty (joint),60,1,0.3515487062,0.6732479387
Mackey-Glass,Spectral-residual+penalty (joint),60,2,0.3542237443,0.67587177
Mackey-Glass,Spectral-residual+penalty (joint),60,3,0.3493645358,0.6759582566
Mackey-Glass,Spectral-residual+penalty (joint),60,4,0.352402968,0.6735765225
Mackey-Glass,Spectral-residual+penalty (joint),120,0,0.4645414764,0.6117511206
Mackey-Glass,Spectral-residual+penalty (joint),120,1,0.4654756469,0.6074080375
Mackey-Glass,Spectral-residual+penalty (joint),120,2,0.4638603501,0.617202002
Mackey-Glass,Spectral-residual+penalty (joint),120,3,0.4632591324,0.6131707253
Mackey-Glass,Spectral-residual+penalty (joint),120,4,0.4647640791,0.6134655809
Mackey-Glass,Spectral-residual+penalty (joint),240,0,0.6008009893,0.4299403316
Mackey-Glass,Spectral-residual+penalty (joint),240,1,0.6035064688,0.4252887101
Mackey-Glass,Spectral-residual+penalty (joint),240,2,0.6047146119,0.4336872963
Mackey-Glass,Spectral-residual+penalty (joint),240,3,0.6062328767,0.4255566643
Mackey-Glass,Spectral-residual+penalty (joint),240,4,0.6018378995,0.4313515299
Mackey-Glass,Spectral-residual+penalty (joint),480,0,0.7861035008,0.2385527657
Mackey-Glass,Spectral-residual+penalty (joint),480,1,0.7745928463,0.2413731084
Mackey-Glass,Spectral-residual+penalty (joint),480,2,0.7812252664,0.2494570621
Mackey-Glass,Spectral-residual+penalty (joint),480,3,0.7750361492,0.2432327887
Mackey-Glass,Spectral-residual+penalty (joint),480,4,0.7706925419,0.2430190536
Mackey-Glass,ESN,30,0,0.1238622527,2.733242481
Mackey-Glass,ESN,30,1,0.09646118721,2.399316278
Mackey-Glass,ESN,30,2,0.09965753425,2.279593035
Mackey-Glass,ESN,30,3,0.09205479452,1.965068025
Mackey-Glass,ESN,30,4,0.1442598935,1.841659106
Mackey-Glass,ESN,60,0,0.1653671994,3.163411064
Mackey-Glass,ESN,60,1,0.175216895,2.068702695
Mackey-Glass,ESN,60,2,0.1569767884,1.97767496
Mackey-Glass,ESN,60,3,0.205336758,1.963206213
Mackey-Glass,ESN,60,4,0.1908599696,1.753771398
Mackey-Glass,ESN,120,0,0.3563508371,1.709692114
Mackey-Glass,ESN,120,1,0.2234094368,2.07695039
Mackey-Glass,ESN,120,2,0.2910502283,1.586645901
Mackey-Glass,ESN,120,3,0.1947964231,1.994361251
Mackey-Glass,ESN,120,4,0.2874733638,1.808533679
Mackey-Glass,ESN,240,0,0.3545776256,2.184909946
Mackey-Glass,ESN,240,1,0.4469805936,1.599965095
Mackey-Glass,ESN,240,2,0.4889821157,1.257175815
Mackey-Glass,ESN,240,3,0.6389326484,0.7233573597
Mackey-Glass,ESN,240,4,0.6650761035,0.445164516
Mackey-Glass,ESN,480,0,0.3299942922,1.735629738
Mackey-Glass,ESN,480,1,0.5082248858,1.055222493
Mackey-Glass,ESN,480,2,1.198797565,0.1283078462
Mackey-Glass,ESN,480,3,0.6837747336,0.4042852023
Mackey-Glass,ESN,480,4,0.5645700152,1.195964554
Mackey-Glass,Kernel DMD,30,0,0.01313546423,1.233510163
Mackey-Glass,Kernel DMD,30,1,0.01001712329,1.237586623
Mackey-Glass,Kernel DMD,30,2,0.01242199391,1.234786749
Mackey-Glass,Kernel DMD,30,3,0.0110369102,1.23532392
Mackey-Glass,Kernel DMD,30,4,0.008837519026,1.237255213
Mackey-Glass,Kernel DMD,60,0,0.02240106545,1.233525233
Mackey-Glass,Kernel DMD,60,1,0.01086757991,1.237586743
Mackey-Glass,Kernel DMD,60,2,0.02276445967,1.234792914
Mackey-Glass,Kernel DMD,60,3,0.02102929985,1.235315187
Mackey-Glass,Kernel DMD,60,4,0.01757420091,1.23725491
Mackey-Glass,Kernel DMD,120,0,0.02668569254,1.23351056
Mackey-Glass,Kernel DMD,120,1,0.06372716895,1.241294016
Mackey-Glass,Kernel DMD,120,2,0.03988394216,1.23171321
Mackey-Glass,Kernel DMD,120,3,0.01752473364,1.235322964
Mackey-Glass,Kernel DMD,120,4,0.02578576865,1.236239994
Mackey-Glass,Kernel DMD,240,0,0.140369102,1.105793849
Mackey-Glass,Kernel DMD,240,1,0.1835635464,0.9659870971
Mackey-Glass,Kernel DMD,240,2,0.2043169711,0.975233603
Mackey-Glass,Kernel DMD,240,3,0.2652663623,0.7817154707
Mackey-Glass,Kernel DMD,240,4,0.2440525114,0.8686546353
Mackey-Glass,Kernel DMD,480,0,0.9119368341,0.1974552507
Mackey-Glass,Kernel DMD,480,1,0.8947127093,0.1964646022
Mackey-Glass,Kernel DMD,480,2,0.8739935312,0.2084393618
Mackey-Glass,Kernel DMD,480,3,0.8533466514,0.2119364886
Mackey-Glass,Kernel DMD,480,4,0.8962766362,0.1915349329
Mackey-Glass,Neural ODE,30,0,0.3932952816,1.226068539
Mackey-Glass,Neural ODE,30,1,0.5459627093,0.8420868553
Mackey-Glass,Neural ODE,30,2,0.383390411,1.830055493
Mackey-Glass,Neural ODE,30,3,0.4328462709,1.075653749
Mackey-Glass,Neural ODE,30,4,0.3998059361,1.415553403
Mackey-Glass,Neural ODE,60,0,0.3593436073,1.822930298
Mackey-Glass,Neural ODE,60,1,0.3112975647,2.153534675
Mackey-Glass,Neural ODE,60,2,0.3049828767,1.744704509
Mackey-Glass,Neural ODE,60,3,0.3254946728,2.003143598
Mackey-Glass,Neural ODE,60,4,0.3037785388,2.068759354
Mackey-Glass,Neural ODE,120,0,0.3201883562,1.903305649
Mackey-Glass,Neural ODE,120,1,0.3214098174,1.984527014
Mackey-Glass,Neural ODE,120,2,0.306651446,1.990085777
Mackey-Glass,Neural ODE,120,3,0.3166552511,1.85440736
Mackey-Glass,Neural ODE,120,4,0.2976350837,1.941099474
Mackey-Glass,Neural ODE,240,0,0.2677891933,1.816711578
Mackey-Glass,Neural ODE,240,1,0.3071879756,1.73684737
Mackey-Glass,Neural ODE,240,2,0.3087766362,1.99547427
Mackey-Glass,Neural ODE,240,3,0.3147964231,2.00340417
Mackey-Glass,Neural ODE,240,4,0.2816875951,1.861646022
Mackey-Glass,Neural ODE,480,0,0.2554375951,1.75769476
Mackey-Glass,Neural ODE,480,1,0.2485920852,1.514018667
Mackey-Glass,Neural ODE,480,2,0.2732971842,1.553645634
Mackey-Glass,Neural ODE,480,3,0.2448915525,1.656028756
Mackey-Glass,Neural ODE,480,4,0.2784075342,1.85292899
Mackey-Glass,Consistent KAE,30,0,0.03303652968,1.406013697
Mackey-Glass,Consistent KAE,30,1,0.04138127854,1.832020182
Mackey-Glass,Consistent KAE,30,2,0.06081430746,1.41600292
Mackey-Glass,Consistent KAE,30,3,0.03933219178,2.069151546
Mackey-Glass,Consistent KAE,30,4,0.04667998478,2.449762433
Mackey-Glass,Consistent KAE,60,0,0.06856164384,1.305669259
Mackey-Glass,Consistent KAE,60,1,0.04649923896,1.323355827
Mackey-Glass,Consistent KAE,60,2,0.06222983257,1.357218022
Mackey-Glass,Consistent KAE,60,3,0.06270547945,1.317264268
Mackey-Glass,Consistent KAE,60,4,0.07963280061,1.328116034
Mackey-Glass,Consistent KAE,120,0,0.04979261796,1.27756305
Mackey-Glass,Consistent KAE,120,1,0.03576103501,1.272565765
Mackey-Glass,Consistent KAE,120,2,0.05065068493,1.290089869
Mackey-Glass,Consistent KAE,120,3,0.06322298326,1.277720554
Mackey-Glass,Consistent KAE,120,4,0.0408847032,1.303510311
Mackey-Glass,Consistent KAE,240,0,0.03386035008,1.267885861
Mackey-Glass,Consistent KAE,240,1,0.02816400304,1.262092709
Mackey-Glass,Consistent KAE,240,2,0.02696917808,1.261744089
Mackey-Glass,Consistent KAE,240,3,0.02960045662,1.270151106
Mackey-Glass,Consistent KAE,240,4,0.0338261035,1.272278106
Mackey-Glass,Consistent KAE,480,0,0.02283295282,1.250982049
Mackey-Glass,Consistent KAE,480,1,0.01719178082,1.262214802
Mackey-Glass,Consistent KAE,480,2,0.02126331811,1.253705894
Mackey-Glass,Consistent KAE,480,3,0.02068873668,1.262964781
Mackey-Glass,Consistent KAE,480,4,0.021402207,1.269242357
Lorenz-96,Latent-prediction (two-stage),40,0,0.08961766736,1.013978471
Lorenz-96,Latent-prediction (two-stage),40,1,0.0879889579,1.013046457
Lorenz-96,Latent-prediction (two-stage),40,2,0.08711111111,1.010688631
Lorenz-96,Latent-prediction (two-stage),40,3,0.08668046929,1.016451664
Lorenz-96,Latent-prediction (two-stage),40,4,0.08639889579,1.016509083
Lorenz-96,Latent-prediction (two-stage),80,0,0.198868185,0.9985251928
Lorenz-96,Latent-prediction (two-stage),80,1,0.1992380952,0.994354924
Lorenz-96,Latent-prediction (two-stage),80,2,0.1988571429,0.9930609115
Lorenz-96,Latent-prediction (two-stage),80,3,0.1990669427,0.9988288239
Lorenz-96,Latent-prediction (two-stage),80,4,0.198647343,0.9999192231
Lorenz-96,Latent-prediction (two-stage),160,0,0.203831608,1.004572473
Lorenz-96,Latent-prediction (two-stage),160,1,0.2042125604,1.000583921
Lorenz-96,Latent-prediction (two-stage),160,2,0.2040358868,0.9987302779
Lorenz-96,Latent-prediction (two-stage),160,3,0.2037984817,1.005094378
Lorenz-96,Latent-prediction (two-stage),160,4,0.2017170462,1.012466431
Lorenz-96,Latent-prediction (two-stage),320,0,0.2062056591,1.013032464
Lorenz-96,Latent-prediction (two-stage),320,1,0.2074202899,1.006891198
Lorenz-96,Latent-prediction (two-stage),320,2,0.2059240856,1.007361891
Lorenz-96,Latent-prediction (two-stage),320,3,0.2066859903,1.011854541
Lorenz-96,Latent-prediction (two-stage),320,4,0.2050075914,1.015400662
Lorenz-96,Latent-prediction (two-stage),640,0,0.2376590752,0.9816369769
Lorenz-96,Latent-prediction (two-stage),640,1,0.2237129055,0.9919515883
Lorenz-96,Latent-prediction (two-stage),640,2,0.2260703934,0.9890045231
Lorenz-96,Latent-prediction (two-stage),640,3,0.2161766736,1.002044357
Lorenz-96,Latent-prediction (two-stage),640,4,0.2184458247,1.003058681
Lorenz-96,Latent-prediction+penalty (two-stage),40,0,0.1921380262,0.9976996032
Lorenz-96,Latent-prediction+penalty (two-stage),40,1,0.1922097999,0.9950045453
Lorenz-96,Latent-prediction+penalty (two-stage),40,2,0.196278813,0.9901443993
Lorenz-96,Latent-prediction+penalty (two-stage),40,3,0.1943243616,1.000276189
Lorenz-96,Latent-prediction+penalty (two-stage),40,4,0.1892063492,1.004210879
Lorenz-96,Latent-prediction+penalty (two-stage),80,0,0.1974824017,1.006573165
Lorenz-96,Latent-prediction+penalty (two-stage),80,1,0.2089993099,1.008179392
Lorenz-96,Latent-prediction+penalty (two-stage),80,2,0.2088778468,1.007823721
Lorenz-96,Latent-prediction+penalty (two-stage),80,3,0.2084968944,1.013885496
Lorenz-96,Latent-prediction+penalty (two-stage),80,4,0.1974437543,1.007629223
Lorenz-96,Latent-prediction+penalty (two-stage),160,0,0.2069123533,1.014281559
Lorenz-96,Latent-prediction+penalty (two-stage),160,1,0.2080772947,1.009929291
Lorenz-96,Latent-prediction+penalty (two-stage),160,2,0.207663216,1.008819812
Lorenz-96,Latent-prediction+penalty (two-stage),160,3,0.208342305,1.01203799
Lorenz-96,Latent-prediction+penalty (two-stage),160,4,0.2073043478,1.013245282
Lorenz-96,Latent-prediction+penalty (two-stage),320,0,0.2226086957,0.9864325329
Lorenz-96,Latent-prediction+penalty (two-stage),320,1,0.2060565908,1.010152564
Lorenz-96,Latent-prediction+penalty (two-stage),320,2,0.2060510697,1.008492766
Lorenz-96,Latent-prediction+penalty (two-stage),320,3,0.2056149068,1.01438894
Lorenz-96,Latent-prediction+penalty (two-stage),320,4,0.2051677019,1.016571328
Lorenz-96,Latent-prediction+penalty (two-stage),640,0,0.2435003451,0.9515309814
Lorenz-96,Latent-prediction+penalty (two-stage),640,1,0.2233871636,0.9905892623
Lorenz-96,Latent-prediction+penalty (two-stage),640,2,0.2489551415,0.9383933558
Lorenz-96,Latent-prediction+penalty (two-stage),640,3,0.2296701173,0.9813439154
Lorenz-96,Latent-prediction+penalty (two-stage),640,4,0.2495514148,0.9387861185
Lorenz-96,Spectral-residual (two-stage),40,0,0.1970296756,0.9988229894
Lorenz-96,Spectral-residual (two-stage),40,1,0.1974934438,0.9958945186
Lorenz-96,Spectral-residual (two-stage),40,2,0.1985921325,0.9883760207
Lorenz-96,Spectral-residual (two-stage),40,3,0.1985093168,0.994109882
Lorenz-96,Spectral-residual (two-stage),40,4,0.19684196,0.9982467148
Lorenz-96,Spectral-residual (two-stage),80,0,0.2106611456,0.9995142737
Lorenz-96,Spectral-residual (two-stage),80,1,0.2115445135,0.9947800987
Lorenz-96,Spectral-residual (two-stage),80,2,0.2114782609,0.9939548105
Lorenz-96,Spectral-residual (two-stage),80,3,0.2110034507,0.9979506719
Lorenz-96,Spectral-residual (two-stage),80,4,0.2100427881,1.002253748
Lorenz-96,Spectral-residual (two-stage),160,0,0.2179765355,0.9775423771
Lorenz-96,Spectral-residual (two-stage),160,1,0.2183574879,0.9751294288
Lorenz-96,Spectral-residual (two-stage),160,2,0.2193623188,0.9696195241
Lorenz-96,Spectral-residual (two-stage),160,3,0.2175569358,0.9797530276
Lorenz-96,Spectral-residual (two-stage),160,4,0.2180814355,0.977325721
Lorenz-96,Spectral-residual (two-stage),320,0,0.2338716356,0.9427649845
Lorenz-96,Spectral-residual (two-stage),320,1,0.2342415459,0.9451942708
Lorenz-96,Spectral-residual (two-stage),320,2,0.2348764665,0.9422571793
Lorenz-96,Spectral-residual (two-stage),320,3,0.2319061422,0.9543101862
Lorenz-96,Spectral-residual (two-stage),320,4,0.2336397516,0.9429407236
Lorenz-96,Spectral-residual (two-stage),640,0,0.2729220152,0.8999042544
Lorenz-96,Spectral-residual (two-stage),640,1,0.2763671498,0.8892007134
Lorenz-96,Spectral-residual (two-stage),640,2,0.2771677019,0.8869324342
Lorenz-96,Spectral-residual (two-stage),640,3,0.2738605935,0.8966632517
Lorenz-96,Spectral-residual (two-stage),640,4,0.2738937198,0.8946716903
Lorenz-96,Spectral-residual+penalty (two-stage),40,0,0.1966321601,1.002322075
Lorenz-96,Spectral-residual+penalty (two-stage),40,1,0.1997129055,0.9958538456
Lorenz-96,Spectral-residual+penalty (two-stage),40,2,0.1963174603,0.995695055
Lorenz-96,Spectral-residual+penalty (two-stage),40,3,0.1975100069,1.0013681
Lorenz-96,Spectral-residual+penalty (two-stage),40,4,0.1959917184,1.003595727
Lorenz-96,Spectral-residual+penalty (two-stage),80,0,0.209126294,1.009203934
Lorenz-96,Spectral-residual+penalty (two-stage),80,1,0.2100593513,1.003966921
Lorenz-96,Spectral-residual+penalty (two-stage),80,2,0.2097832988,1.003987959
Lorenz-96,Spectral-residual+penalty (two-stage),80,3,0.2094741201,1.008310647
Lorenz-96,Spectral-residual+penalty (two-stage),80,4,0.2083202208,1.012718061
Lorenz-96,Spectral-residual+penalty (two-stage),160,0,0.2138247067,1.003862847
Lorenz-96,Spectral-residual+penalty (two-stage),160,1,0.2149675638,0.9984985282
Lorenz-96,Spectral-residual+penalty (two-stage),160,2,0.2138964803,1.000336537
Lorenz-96,Spectral-residual+penalty (two-stage),160,3,0.2128309179,1.00530673
Lorenz-96,Spectral-residual+penalty (two-stage),160,4,0.2134327122,1.004356185
Lorenz-96,Spectral-residual+penalty (two-stage),320,0,0.2305258799,0.9714878936
Lorenz-96,Spectral-residual+penalty (two-stage),320,1,0.2312712215,0.9724669684
Lorenz-96,Spectral-residual+penalty (two-stage),320,2,0.2309620428,0.9746531148
Lorenz-96,Spectral-residual+penalty (two-stage),320,3,0.2287094548,0.9799496591
Lorenz-96,Spectral-residual+penalty (two-stage),320,4,0.2306418219,0.9764921295
Lorenz-96,Spectral-residual+penalty (two-stage),640,0,0.2634258109,0.939963377
Lorenz-96,Spectral-residual+penalty (two-stage),640,1,0.2625479641,0.9465521525
Lorenz-96,Spectral-residual+penalty (two-stage),640,2,0.2624485852,0.9362412836
Lorenz-96,Spectral-residual+penalty (two-stage),640,3,0.2614161491,0.945948637
Lorenz-96,Spectral-residual+penalty (two-stage),640,4,0.2576507937,0.9488865561
Lorenz-96,Latent-prediction (joint),40,0,0.1868599034,1.008407754
Lorenz-96,Latent-prediction (joint),40,1,0.1898026225,0.9985956413
Lorenz-96,Latent-prediction (joint),40,2,0.1905479641,0.9977984724
Lorenz-96,Latent-prediction (joint),40,3,0.1906031746,1.003326713
Lorenz-96,Latent-prediction (joint),40,4,0.1907688061,1.005017076
Lorenz-96,Latent-prediction (joint),80,0,0.2058081435,1.013566288
Lorenz-96,Latent-prediction (joint),80,1,0.2062939959,1.009224306
Lorenz-96,Latent-prediction (joint),80,2,0.2062167012,1.007907756
Lorenz-96,Latent-prediction (joint),80,3,0.2058081435,1.013619435
Lorenz-96,Latent-prediction (joint),80,4,0.2052615597,1.015953745
Lorenz-96,Latent-prediction (joint),160,0,0.2021863354,1.008844164
Lorenz-96,Latent-prediction (joint),160,1,0.2029427191,1.004268209
Lorenz-96,Latent-prediction (joint),160,2,0.2029427191,1.002334573
Lorenz-96,Latent-prediction (joint),160,3,0.203047619,1.007867321
Lorenz-96,Latent-prediction (joint),160,4,0.2019378882,1.010640255
Lorenz-96,Latent-prediction (joint),320,0,0.205968254,1.01338086
Lorenz-96,Latent-prediction (joint),320,1,0.2063657695,1.009105237
Lorenz-96,Latent-prediction (joint),320,2,0.2062443064,1.007615334
Lorenz-96,Latent-prediction (joint),320,3,0.2058247067,1.013295685
Lorenz-96,Latent-prediction (joint),320,4,0.2054327122,1.015495251
Lorenz-96,Latent-prediction (joint),640,0,0.2297639752,0.9844869645
Lorenz-96,Latent-prediction (joint),640,1,0.2236245687,0.9927440514
Lorenz-96,Latent-prediction (joint),640,2,0.2195334714,0.9901763825
Lorenz-96,Latent-prediction (joint),640,3,0.2294216701,0.9855197787
Lorenz-96,Latent-prediction (joint),640,4,0.2286321601,0.9905773647
Lorenz-96,Latent-prediction+penalty (joint),40,0,0.18715804,1.007279767
Lorenz-96,Latent-prediction+penalty (joint),40,1,0.1893940649,0.9992467018
Lorenz-96,Latent-prediction+penalty (joint),40,2,0.1897860594,0.9968767314
Lorenz-96,Latent-prediction+penalty (joint),40,3,0.1900234645,1.002858026
Lorenz-96,Latent-prediction+penalty (joint),40,4,0.1891290545,1.00461396
Lorenz-96,Latent-prediction+penalty (joint),80,0,0.2093857833,1.007910481
Lorenz-96,Latent-prediction+penalty (joint),80,1,0.2102084196,1.004744668
Lorenz-96,Latent-prediction+penalty (joint),80,2,0.2091483782,1.0041552
Lorenz-96,Latent-prediction+penalty (joint),80,3,0.2091538992,1.010380907
Lorenz-96,Latent-prediction+penalty (joint),80,4,0.2086625259,1.011646334
Lorenz-96,Latent-prediction+penalty (joint),160,0,0.2026004141,1.009996739
Lorenz-96,Latent-prediction+penalty (joint),160,1,0.2025728088,1.006603942
Lorenz-96,Latent-prediction+penalty (joint),160,2,0.2027715666,1.004340629
Lorenz-96,Latent-prediction+penalty (joint),160,3,0.2025672878,1.009709179
Lorenz-96,Latent-prediction+penalty (joint),160,4,0.2105838509,1.006206461
Lorenz-96,Latent-prediction+penalty (joint),320,0,0.2428488613,0.9674545432
Lorenz-96,Latent-prediction+penalty (joint),320,1,0.2062277433,1.008799914
Lorenz-96,Latent-prediction+penalty (joint),320,2,0.2061173223,1.007811345
Lorenz-96,Latent-prediction+penalty (joint),320,3,0.2380786749,0.9732424367
Lorenz-96,Latent-prediction+penalty (joint),320,4,0.2051345756,1.015802703
Lorenz-96,Latent-prediction+penalty (joint),640,0,0.218705314,0.9963175409
Lorenz-96,Latent-prediction+penalty (joint),640,1,0.2195334714,0.9920582416
Lorenz-96,Latent-prediction+penalty (joint),640,2,0.2188488613,0.9874846104
Lorenz-96,Latent-prediction+penalty (joint),640,3,0.2185452036,0.9931489205
Lorenz-96,Latent-prediction+penalty (joint),640,4,0.2180924776,0.997101124
Lorenz-96,Spectral-residual (joint),40,0,0.1964168392,1.001868838
Lorenz-96,Spectral-residual (joint),40,1,0.1975707384,0.9973336637
Lorenz-96,Spectral-residual (joint),40,2,0.1976038647,0.9932906222
Lorenz-96,Spectral-residual (joint),40,3,0.1967812284,0.9998795679
Lorenz-96,Spectral-residual (joint),40,4,0.1968309179,1.002682071
Lorenz-96,Spectral-residual (joint),80,0,0.2109758454,0.9971868636
Lorenz-96,Spectral-residual (joint),80,1,0.2116494134,0.9934564868
Lorenz-96,Spectral-residual (joint),80,2,0.2120910973,0.9898234074
Lorenz-96,Spectral-residual (joint),80,3,0.21115804,0.9965159947
Lorenz-96,Spectral-residual (joint),80,4,0.2104016563,1.000581228
Lorenz-96,Spectral-residual (joint),160,0,0.2130020704,0.9985498835
Lorenz-96,Spectral-residual (joint),160,1,0.2167784679,0.976418253
Lorenz-96,Spectral-residual (joint),160,2,0.213068323,0.9938598667
Lorenz-96,Spectral-residual (joint),160,3,0.219610766,0.9661576079
Lorenz-96,Spectral-residual (joint),160,4,0.2126708075,0.9986592667
Lorenz-96,Spectral-residual (joint),320,0,0.2359641132,0.9196328682
Lorenz-96,Spectral-residual (joint),320,1,0.2348267771,0.9258023862
Lorenz-96,Spectral-residual (joint),320,2,0.2349924086,0.9261847281
Lorenz-96,Spectral-residual (joint),320,3,0.2309013112,0.9445253903
Lorenz-96,Spectral-residual (joint),320,4,0.234031746,0.9274972448
Lorenz-96,Spectral-residual (joint),640,0,0.2548129745,0.9263570215
Lorenz-96,Spectral-residual (joint),640,1,0.2550172533,0.9259772405
Lorenz-96,Spectral-residual (joint),640,2,0.2555362319,0.92321842
Lorenz-96,Spectral-residual (joint),640,3,0.2561711525,0.9251707196
Lorenz-96,Spectral-residual (joint),640,4,0.2547191166,0.9281997929
Lorenz-96,Spectral-residual+penalty (joint),40,0,0.1961904762,1.004740767
Lorenz-96,Spectral-residual+penalty (joint),40,1,0.1975376121,0.997950007
Lorenz-96,Spectral-residual+penalty (joint),40,2,0.1966542443,0.9961534986
Lorenz-96,Spectral-residual+penalty (joint),40,3,0.1967425811,1.00215239
Lorenz-96,Spectral-residual+penalty (joint),40,4,0.1968971705,1.003318437
Lorenz-96,Spectral-residual+penalty (joint),80,0,0.2089164941,1.009467833
Lorenz-96,Spectral-residual+penalty (joint),80,1,0.209915804,1.002652138
Lorenz-96,Spectral-residual+penalty (joint),80,2,0.2095955832,1.003419788
Lorenz-96,Spectral-residual+penalty (joint),80,3,0.2094133885,1.008423552
Lorenz-96,Spectral-residual+penalty (joint),80,4,0.2083864734,1.01200943
Lorenz-96,Spectral-residual+penalty (joint),160,0,0.2130462388,0.9986567896
Lorenz-96,Spectral-residual+penalty (joint),160,1,0.2133885438,0.9939847264
Lorenz-96,Spectral-residual+penalty (joint),160,2,0.213073844,0.993923413
Lorenz-96,Spectral-residual+penalty (joint),160,3,0.2128364389,0.9981884642
Lorenz-96,Spectral-residual+penalty (joint),160,4,0.2127536232,0.9986237034
Lorenz-96,Spectral-residual+penalty (joint),320,0,0.2225590062,0.9784184595
Lorenz-96,Spectral-residual+penalty (joint),320,1,0.2227191166,0.9795283297
Lorenz-96,Spectral-residual+penalty (joint),320,2,0.2229730849,0.9754613792
Lorenz-96,Spectral-residual+penalty (joint),320,3,0.2221173223,0.9832951926
Lorenz-96,Spectral-residual+penalty (joint),320,4,0.2218026225,0.9830000259
Lorenz-96,Spectral-residual+penalty (joint),640,0,0.3344982747,0.8737429257
Lorenz-96,Spectral-residual+penalty (joint),640,1,0.3347522429,0.8795707146
Lorenz-96,Spectral-residual+penalty (joint),640,2,0.3373857833,0.8706845847
Lorenz-96,Spectral-residual+penalty (joint),640,3,0.3364030366,0.8764851202
Lorenz-96,Spectral-residual+penalty (joint),640,4,0.3334989648,0.883564717
Lorenz-96,ESN,40,0,9.385783299e-05,1.25744042
Lorenz-96,ESN,40,1,0.000204278813,1.273799773
Lorenz-96,ESN,40,2,0.000182194617,1.280812025
Lorenz-96,ESN,40,3,0.000138026225,1.273972128
Lorenz-96,ESN,40,4,0.000226363009,1.272246957
Lorenz-96,ESN,80,0,0.01151138716,1.294655685
Lorenz-96,ESN,80,1,0.01036300897,1.303779064
Lorenz-96,ESN,80,2,0.01362594893,1.299079317
Lorenz-96,ESN,80,3,0.01235058661,1.305399553
Lorenz-96,ESN,80,4,0.01016977226,1.308627915
Lorenz-96,ESN,160,0,0.05008143547,1.288482843
Lorenz-96,ESN,160,1,0.05746859903,1.294318491
Lorenz-96,ESN,160,2,0.05259351277,1.286830797
Lorenz-96,ESN,160,3,0.05867218772,1.28660313
Lorenz-96,ESN,160,4,0.05394064872,1.288877297
Lorenz-96,ESN,320,0,0.09576259489,1.257109024
Lorenz-96,ESN,320,1,0.09837957212,1.253106887
Lorenz-96,ESN,320,2,0.09291373361,1.255857917
Lorenz-96,ESN,320,3,0.095436853,1.266552701
Lorenz-96,ESN,320,4,0.09452587992,1.262137241
Lorenz-96,ESN,640,0,0.1186639061,1.257627243
Lorenz-96,ESN,640,1,0.1214078675,1.244383412
Lorenz-96,ESN,640,2,0.1168143547,1.250730986
Lorenz-96,ESN,640,3,0.1201821946,1.256076213
Lorenz-96,ESN,640,4,0.1194755003,1.261112057
Lorenz-96,Kernel DMD,40,0,0,1.005051507
Lorenz-96,Kernel DMD,40,1,0,1.005013917
Lorenz-96,Kernel DMD,40,2,0,1.005249877
Lorenz-96,Kernel DMD,40,3,0,1.005269902
Lorenz-96,Kernel DMD,40,4,0,1.005229375
Lorenz-96,Kernel DMD,80,0,0,1.005052614
Lorenz-96,Kernel DMD,80,1,0,1.005015371
Lorenz-96,Kernel DMD,80,2,0,1.005247815
Lorenz-96,Kernel DMD,80,3,0,1.005254643
Lorenz-96,Kernel DMD,80,4,0,1.005235743
Lorenz-96,Kernel DMD,160,0,0,1.005098253
Lorenz-96,Kernel DMD,160,1,0,1.005037615
Lorenz-96,Kernel DMD,160,2,0,1.005267134
Lorenz-96,Kernel DMD,160,3,0,1.005287353
Lorenz-96,Kernel DMD,160,4,0,1.00524419
Lorenz-96,Kernel DMD,320,0,0,1.005091689
Lorenz-96,Kernel DMD,320,1,0,1.005006374
Lorenz-96,Kernel DMD,320,2,0,1.005285666
Lorenz-96,Kernel DMD,320,3,0,1.005299887
Lorenz-96,Kernel DMD,320,4,0,1.005273776
Lorenz-96,Kernel DMD,640,0,0,1.005111732
Lorenz-96,Kernel DMD,640,1,0,1.0050058
Lorenz-96,Kernel DMD,640,2,0,1.005205875
Lorenz-96,Kernel DMD,640,3,0,1.005345753
Lorenz-96,Kernel DMD,640,4,0,1.005234803
Lorenz-96,Neural ODE,40,0,0.09262111801,2.766155078
Lorenz-96,Neural ODE,40,1,0.09336645963,2.633556104
Lorenz-96,Neural ODE,40,2,0.09151690821,2.78392153
Lorenz-96,Neural ODE,40,3,0.09148930297,2.659182661
Lorenz-96,Neural ODE,40,4,0.0888226363,2.751277395
Lorenz-96,Neural ODE,80,0,0.0849689441,2.740771708
Lorenz-96,Neural ODE,80,1,0.08433402346,2.6983328
Lorenz-96,Neural ODE,80,2,0.0880220842,2.710641874
Lorenz-96,Neural ODE,80,3,0.0860952381,2.716864538
Lorenz-96,Neural ODE,80,4,0.08518978606,2.781620821
Lorenz-96,Neural ODE,160,0,0.08092753623,2.848633395
Lorenz-96,Neural ODE,160,1,0.08401932367,2.763413908
Lorenz-96,Neural ODE,160,2,0.0830089717,2.759126159
Lorenz-96,Neural ODE,160,3,0.08184403037,2.841630171
Lorenz-96,Neural ODE,160,4,0.08237405107,2.78676353
Lorenz-96,Neural ODE,320,0,0.08316356108,2.752239879
Lorenz-96,Neural ODE,320,1,0.08141890959,2.744972239
Lorenz-96,Neural ODE,320,2,0.08362180814,2.70925575
Lorenz-96,Neural ODE,320,3,0.07993374741,2.713455163
Lorenz-96,Neural ODE,320,4,0.08193236715,2.60633143
Lorenz-96,Neural ODE,640,0,0.07700759144,2.264519044
Lorenz-96,Neural ODE,640,1,0.07784679089,2.355764965
Lorenz-96,Neural ODE,640,2,0.07831055901,2.213647937
Lorenz-96,Neural ODE,640,3,0.07277294686,2.1225686
Lorenz-96,Neural ODE,640,4,0.07969082126,2.188848487
Lorenz-96,Consistent KAE,40,0,0.0512905452,0.9567130731
Lorenz-96,Consistent KAE,40,1,0.05703243616,0.9758204688
Lorenz-96,Consistent KAE,40,2,0.0477405107,0.9621460287
Lorenz-96,Consistent KAE,40,3,0.05347688061,1.003113052
Lorenz-96,Consistent KAE,40,4,0.06189648033,0.945379815
Lorenz-96,Consistent KAE,80,0,0.1507908903,0.9605267268
Lorenz-96,Consistent KAE,80,1,0.1477819186,0.9696639049
Lorenz-96,Consistent KAE,80,2,0.1451980676,0.9577657495
Lorenz-96,Consistent KAE,80,3,0.1431608006,0.9670137559
Lorenz-96,Consistent KAE,80,4,0.1449717046,0.9707427038
Lorenz-96,Consistent KAE,160,0,0.09635886818,0.9809022159
Lorenz-96,Consistent KAE,160,1,0.09439889579,0.9809827427
Lorenz-96,Consistent KAE,160,2,0.099042098,0.9643747618
Lorenz-96,Consistent KAE,160,3,0.09701035197,0.9747836323
Lorenz-96,Consistent KAE,160,4,0.0940621118,0.9713118147
Lorenz-96,Consistent KAE,320,0,0.07759282264,2.283479482
Lorenz-96,Consistent KAE,320,1,0.07793512767,2.435301457
Lorenz-96,Consistent KAE,320,2,0.0783216011,2.466260672
Lorenz-96,Consistent KAE,320,3,0.07987853692,2.561715859
Lorenz-96,Consistent KAE,320,4,0.08270531401,2.430816805
Lorenz-96,Consistent KAE,640,0,0.1333664596,1.526123593
Lorenz-96,Consistent KAE,640,1,0.1313181504,1.613903613
Lorenz-96,Consistent KAE,640,2,0.1341504486,1.416028998
Lorenz-96,Consistent KAE,640,3,0.1350117322,1.603777473
Lorenz-96,Consistent KAE,640,4,0.1277018634,1.77534648
Kuramoto-Sivashinsky,Latent-prediction (two-stage),64,0,0.2385200946,1.074954847
Kuramoto-Sivashinsky,Latent-prediction (two-stage),64,1,0.26643026,1.068018275
Kuramoto-Sivashinsky,Latent-prediction (two-stage),64,2,0.244463357,1.082334821
Kuramoto-Sivashinsky,Latent-prediction (two-stage),64,3,0.2541749409,1.086136682
Kuramoto-Sivashinsky,Latent-prediction (two-stage),64,4,0.2327943262,1.114521248
Kuramoto-Sivashinsky,Latent-prediction (two-stage),128,0,0.2359101655,1.091054116
Kuramoto-Sivashinsky,Latent-prediction (two-stage),128,1,0.2654089835,1.081052628
Kuramoto-Sivashinsky,Latent-prediction (two-stage),128,2,0.2430780142,1.095385735
Kuramoto-Sivashinsky,Latent-prediction (two-stage),128,3,0.2527801418,1.092701843
Kuramoto-Sivashinsky,Latent-prediction (two-stage),128,4,0.23243026,1.114931246
Kuramoto-Sivashinsky,Latent-prediction (two-stage),256,0,0.2374042553,1.089795453
Kuramoto-Sivashinsky,Latent-prediction (two-stage),256,1,0.2671725768,1.079593469
Kuramoto-Sivashinsky,Latent-prediction (two-stage),256,2,0.24356974,1.096173531
Kuramoto-Sivashinsky,Latent-prediction (two-stage),256,3,0.2536501182,1.096006401
Kuramoto-Sivashinsky,Latent-prediction (two-stage),256,4,0.2328794326,1.119500168
Kuramoto-Sivashinsky,Latent-prediction (two-stage),512,0,0.253248227,1.037399509
Kuramoto-Sivashinsky,Latent-prediction (two-stage),512,1,0.2554799054,1.072181542
Kuramoto-Sivashinsky,Latent-prediction (two-stage),512,2,0.2392293144,1.124980609
Kuramoto-Sivashinsky,Latent-prediction (two-stage),512,3,0.2531347518,1.09887305
Kuramoto-Sivashinsky,Latent-prediction (two-stage),512,4,0.2462978723,1.104129794
Kuramoto-Sivashinsky,Latent-prediction (two-stage),1024,0,0.5095413712,0.6614271321
Kuramoto-Sivashinsky,Latent-prediction (two-stage),1024,1,0.4966666667,0.6895124904
Kuramoto-Sivashinsky,Latent-prediction (two-stage),1024,2,0.4994515366,0.6762009642
Kuramoto-Sivashinsky,Latent-prediction (two-stage),1024,3,0.4910921986,0.6908318773
Kuramoto-Sivashinsky,Latent-prediction (two-stage),1024,4,0.4924018913,0.672056336
Kuramoto-Sivashinsky,Latent-prediction+penalty (two-stage),64,0,0.2357446809,1.091524809
Kuramoto-Sivashinsky,Latent-prediction+penalty (two-stage),64,1,0.2639952719,1.08380112
Kuramoto-Sivashinsky,Latent-prediction+penalty (two-stage),64,2,0.2419054374,1.099585507
Kuramoto-Sivashinsky,Latent-prediction+penalty (two-stage),64,3,0.251787234,1.097925883
Kuramoto-Sivashinsky,Latent-prediction+penalty (two-stage),64,4,0.2312624113,1.121997008
Kuramoto-Sivashinsky,Latent-prediction+penalty (two-stage),128,0,0.2667470449,1.026216399
Kuramoto-Sivashinsky,Latent-prediction+penalty (two-stage),128,1,0.2810212766,0.9899244456
Kuramoto-Sivashinsky,Latent-prediction+penalty (two-stage),128,2,0.2642222222,1.03438599
Kuramoto-Sivashinsky,Latent-prediction+penalty (two-stage),128,3,0.2438061466,1.048565648
Kuramoto-Sivashinsky,Latent-prediction+penalty (two-stage),128,4,0.2803451537,0.977699643
Kuramoto-Sivashinsky,Latent-prediction+penalty (two-stage),256,0,0.3159432624,0.9423958669
Kuramoto-Sivashinsky,Latent-prediction+penalty (two-stage),256,1,0.3160567376,0.9747965102
Kuramoto-Sivashinsky,Latent-prediction+penalty (two-stage),256,2,0.3087234043,0.9534217451
Kuramoto-Sivashinsky,Latent-prediction+penalty (two-stage),256,3,0.3115650118,0.9598177682
Kuramoto-Sivashinsky,Latent-prediction+penalty (two-stage),256,4,0.3216264775,0.9309501992
Kuramoto-Sivashinsky,Latent-prediction+penalty (two-stage),512,0,0.4515319149,0.7393179632
Kuramoto-Sivashinsky,Latent-prediction+penalty (two-stage),512,1,0.4395981087,0.7745242384
Kuramoto-Sivashinsky,Latent-prediction+penalty (two-stage),512,2,0.4259054374,0.777853267
Kuramoto-Sivashinsky,Latent-prediction+penalty (two-stage),512,3,0.4442222222,0.7627101431
Kuramoto-Sivashinsky,Latent-prediction+penalty (two-stage),512,4,0.4652245863,0.7154223294
Kuramoto-Sivashinsky,Latent-prediction+penalty (two-stage),1024,0,0.5152765957,0.6537469919
Kuramoto-Sivashinsky,Latent-prediction+penalty (two-stage),1024,1,0.5024728132,0.6731531244
Kuramoto-Sivashinsky,Latent-prediction+penalty (two-stage),1024,2,0.4813144208,0.6897658733
Kuramoto-Sivashinsky,Latent-prediction+penalty (two-stage),1024,3,0.4972624113,0.677747384
Kuramoto-Sivashinsky,Latent-prediction+penalty (two-stage),1024,4,0.4973002364,0.6577917018
Kuramoto-Sivashinsky,Spectral-residual (two-stage),64,0,0.2725579196,0.9283715127
Kuramoto-Sivashinsky,Spectral-residual (two-stage),64,1,0.271427896,0.9519138833
Kuramoto-Sivashinsky,Spectral-residual (two-stage),64,2,0.2738676123,0.943557295
Kuramoto-Sivashinsky,Spectral-residual (two-stage),64,3,0.273536643,0.9500988432
Kuramoto-Sivashinsky,Spectral-residual (two-stage),64,4,0.2665910165,0.9512848768
Kuramoto-Sivashinsky,Spectral-residual (two-stage),128,0,0.3138770686,0.8710472676
Kuramoto-Sivashinsky,Spectral-residual (two-stage),128,1,0.3295130024,0.8520145525
Kuramoto-Sivashinsky,Spectral-residual (two-stage),128,2,0.3094042553,0.881104764
Kuramoto-Sivashinsky,Spectral-residual (two-stage),128,3,0.2979810875,0.898966981
Kuramoto-Sivashinsky,Spectral-residual (two-stage),128,4,0.317929078,0.8724841319
Kuramoto-Sivashinsky,Spectral-residual (two-stage),256,0,0.4182033097,0.7303557727
Kuramoto-Sivashinsky,Spectral-residual (two-stage),256,1,0.4334515366,0.7380471858
Kuramoto-Sivashinsky,Spectral-residual (two-stage),256,2,0.4167706856,0.7367531127
Kuramoto-Sivashinsky,Spectral-residual (two-stage),256,3,0.4258108747,0.731555941
Kuramoto-Sivashinsky,Spectral-residual (two-stage),256,4,0.4129503546,0.7436210133
Kuramoto-Sivashinsky,Spectral-residual (two-stage),512,0,0.5655886525,0.5924885322
Kuramoto-Sivashinsky,Spectral-residual (two-stage),512,1,0.5637635934,0.597026363
Kuramoto-Sivashinsky,Spectral-residual (two-stage),512,2,0.5618108747,0.6002425349
Kuramoto-Sivashinsky,Spectral-residual (two-stage),512,3,0.5364018913,0.6282818322
Kuramoto-Sivashinsky,Spectral-residual (two-stage),512,4,0.5669692671,0.5793970735
Kuramoto-Sivashinsky,Spectral-residual (two-stage),1024,0,0.6186241135,0.5575969567
Kuramoto-Sivashinsky,Spectral-residual (two-stage),1024,1,0.6062978723,0.5665623308
Kuramoto-Sivashinsky,Spectral-residual (two-stage),1024,2,0.6007328605,0.5666635333
Kuramoto-Sivashinsky,Spectral-residual (two-stage),1024,3,0.5957919622,0.5659466571
Kuramoto-Sivashinsky,Spectral-residual (two-stage),1024,4,0.6309787234,0.5331855958
Kuramoto-Sivashinsky,Spectral-residual+penalty (two-stage),64,0,0.2485484634,1.012322213
Kuramoto-Sivashinsky,Spectral-residual+penalty (two-stage),64,1,0.2535602837,1.028410925
Kuramoto-Sivashinsky,Spectral-residual+penalty (two-stage),64,2,0.2536595745,1.020627512
Kuramoto-Sivashinsky,Spectral-residual+penalty (two-stage),64,3,0.2545862884,1.016130339
Kuramoto-Sivashinsky,Spectral-residual+penalty (two-stage),64,4,0.2554609929,1.012555912
Kuramoto-Sivashinsky,Spectral-residual+penalty (two-stage),128,0,0.3009219858,0.9323758432
Kuramoto-Sivashinsky,Spectral-residual+penalty (two-stage),128,1,0.2937163121,0.9688845507
Kuramoto-Sivashinsky,Spectral-residual+penalty (two-stage),128,2,0.2976926714,0.93741001
Kuramoto-Sivashinsky,Spectral-residual+penalty (two-stage),128,3,0.2997021277,0.9476145006
Kuramoto-Sivashinsky,Spectral-residual+penalty (two-stage),128,4,0.2991867612,0.930849594
Kuramoto-Sivashinsky,Spectral-residual+penalty (two-stage),256,0,0.4276453901,0.7529429711
Kuramoto-Sivashinsky,Spectral-residual+penalty (two-stage),256,1,0.4202174941,0.7769635635
Kuramoto-Sivashinsky,Spectral-residual+penalty (two-stage),256,2,0.4087565012,0.7863502925
Kuramoto-Sivashinsky,Spectral-residual+penalty (two-stage),256,3,0.4271867612,0.7542535113
Kuramoto-Sivashinsky,Spectral-residual+penalty (two-stage),256,4,0.414392435,0.768461588
Kuramoto-Sivashinsky,Spectral-residual+penalty (two-stage),512,0,0.577858156,0.5877655466
Kuramoto-Sivashinsky,Spectral-residual+penalty (two-stage),512,1,0.571498818,0.601991936
Kuramoto-Sivashinsky,Spectral-residual+penalty (two-stage),512,2,0.5604208038,0.6028476706
Kuramoto-Sivashinsky,Spectral-residual+penalty (two-stage),512,3,0.5646004728,0.6041596989
Kuramoto-Sivashinsky,Spectral-residual+penalty (two-stage),512,4,0.5746052009,0.5777313937
Kuramoto-Sivashinsky,Spectral-residual+penalty (two-stage),1024,0,0.6513096927,0.5290748061
Kuramoto-Sivashinsky,Spectral-residual+penalty (two-stage),1024,1,0.6054940898,0.5754818852
Kuramoto-Sivashinsky,Spectral-residual+penalty (two-stage),1024,2,0.593465721,0.5810097982
Kuramoto-Sivashinsky,Spectral-residual+penalty (two-stage),1024,3,0.6059101655,0.5714408917
Kuramoto-Sivashinsky,Spectral-residual+penalty (two-stage),1024,4,0.6282033097,0.5361490612
Kuramoto-Sivashinsky,Latent-prediction (joint),64,0,0.235536643,1.091350997
Kuramoto-Sivashinsky,Latent-prediction (joint),64,1,0.2645626478,1.084556551
Kuramoto-Sivashinsky,Latent-prediction (joint),64,2,0.2413758865,1.099950125
Kuramoto-Sivashinsky,Latent-prediction (joint),64,3,0.2515744681,1.097596451
Kuramoto-Sivashinsky,Latent-prediction (joint),64,4,0.2316548463,1.120502351
Kuramoto-Sivashinsky,Latent-prediction (joint),128,0,0.2365153664,1.091461612
Kuramoto-Sivashinsky,Latent-prediction (joint),128,1,0.2637352246,1.086251701
Kuramoto-Sivashinsky,Latent-prediction (joint),128,2,0.2424444444,1.099353491
Kuramoto-Sivashinsky,Latent-prediction (joint),128,3,0.2520047281,1.096578077
Kuramoto-Sivashinsky,Latent-prediction (joint),128,4,0.2315744681,1.120261282
Kuramoto-Sivashinsky,Latent-prediction (joint),256,0,0.2467895981,1.053039152
Kuramoto-Sivashinsky,Latent-prediction (joint),256,1,0.2760047281,1.042439385
Kuramoto-Sivashinsky,Latent-prediction (joint),256,2,0.2517352246,1.066941113
Kuramoto-Sivashinsky,Latent-prediction (joint),256,3,0.2647186761,1.057980193
Kuramoto-Sivashinsky,Latent-prediction (joint),256,4,0.2471489362,1.076416876
Kuramoto-Sivashinsky,Latent-prediction (joint),512,0,0.3272245863,0.9244914179
Kuramoto-Sivashinsky,Latent-prediction (joint),512,1,0.3226713948,0.9517750833
Kuramoto-Sivashinsky,Latent-prediction (joint),512,2,0.3129976359,0.9428771328
Kuramoto-Sivashinsky,Latent-prediction (joint),512,3,0.3210165485,0.9359882464
Kuramoto-Sivashinsky,Latent-prediction (joint),512,4,0.3184775414,0.9355333499
Kuramoto-Sivashinsky,Latent-prediction (joint),1024,0,0.5178250591,0.6489272973
Kuramoto-Sivashinsky,Latent-prediction (joint),1024,1,0.5090874704,0.6738124593
Kuramoto-Sivashinsky,Latent-prediction (joint),1024,2,0.5096973995,0.6637396729
Kuramoto-Sivashinsky,Latent-prediction (joint),1024,3,0.5127423168,0.6527104657
Kuramoto-Sivashinsky,Latent-prediction (joint),1024,4,0.5239669031,0.6354641815
Kuramoto-Sivashinsky,Latent-prediction+penalty (joint),64,0,0.2519385343,1.005796547
Kuramoto-Sivashinsky,Latent-prediction+penalty (joint),64,1,0.2569030733,1.026655033
Kuramoto-Sivashinsky,Latent-prediction+penalty (joint),64,2,0.2520330969,1.020776531
Kuramoto-Sivashinsky,Latent-prediction+penalty (joint),64,3,0.2510874704,1.026003659
Kuramoto-Sivashinsky,Latent-prediction+penalty (joint),64,4,0.2504444444,1.029344175
Kuramoto-Sivashinsky,Latent-prediction+penalty (joint),128,0,0.3202222222,0.9268934128
Kuramoto-Sivashinsky,Latent-prediction+penalty (joint),128,1,0.3044775414,0.9622013373
Kuramoto-Sivashinsky,Latent-prediction+penalty (joint),128,2,0.2889030733,0.9773847095
Kuramoto-Sivashinsky,Latent-prediction+penalty (joint),128,3,0.3001985816,0.9433552138
Kuramoto-Sivashinsky,Latent-prediction+penalty (joint),128,4,0.3037399527,0.9380918039
Kuramoto-Sivashinsky,Latent-prediction+penalty (joint),256,0,0.3673191489,0.8957278227
Kuramoto-Sivashinsky,Latent-prediction+penalty (joint),256,1,0.368,0.9062245429
Kuramoto-Sivashinsky,Latent-prediction+penalty (joint),256,2,0.383248227,0.883124447
Kuramoto-Sivashinsky,Latent-prediction+penalty (joint),256,3,0.3772387707,0.8826896343
Kuramoto-Sivashinsky,Latent-prediction+penalty (joint),256,4,0.3748888889,0.8753617408
Kuramoto-Sivashinsky,Latent-prediction+penalty (joint),512,0,0.3363498818,0.9003731643
Kuramoto-Sivashinsky,Latent-prediction+penalty (joint),512,1,0.3261654846,0.925365187
Kuramoto-Sivashinsky,Latent-prediction+penalty (joint),512,2,0.3233806147,0.9072681779
Kuramoto-Sivashinsky,Latent-prediction+penalty (joint),512,3,0.3233380615,0.9168805215
Kuramoto-Sivashinsky,Latent-prediction+penalty (joint),512,4,0.3458014184,0.8710422521
Kuramoto-Sivashinsky,Latent-prediction+penalty (joint),1024,0,0.4645579196,0.708376859
Kuramoto-Sivashinsky,Latent-prediction+penalty (joint),1024,1,0.4565862884,0.7349457839
Kuramoto-Sivashinsky,Latent-prediction+penalty (joint),1024,2,0.4430496454,0.7431091209
Kuramoto-Sivashinsky,Latent-prediction+penalty (joint),1024,3,0.4548132388,0.7299063635
Kuramoto-Sivashinsky,Latent-prediction+penalty (joint),1024,4,0.4624539007,0.7016224015
Kuramoto-Sivashinsky,Spectral-residual (joint),64,0,0.2891962175,0.8842308859
Kuramoto-Sivashinsky,Spectral-residual (joint),64,1,0.2679432624,0.983097845
Kuramoto-Sivashinsky,Spectral-residual (joint),64,2,0.296964539,0.8845298301
Kuramoto-Sivashinsky,Spectral-residual (joint),64,3,0.2959574468,0.881570957
Kuramoto-Sivashinsky,Spectral-residual (joint),64,4,0.2898108747,0.8914025389
Kuramoto-Sivashinsky,Spectral-residual (joint),128,0,0.2929408983,0.8946980868
Kuramoto-Sivashinsky,Spectral-residual (joint),128,1,0.29678487,0.9186647732
Kuramoto-Sivashinsky,Spectral-residual (joint),128,2,0.2859054374,0.9237216931
Kuramoto-Sivashinsky,Spectral-residual (joint),128,3,0.290108747,0.9162355804
Kuramoto-Sivashinsky,Spectral-residual (joint),128,4,0.2982458629,0.8967803226
Kuramoto-Sivashinsky,Spectral-residual (joint),256,0,0.3603735225,0.8214546654
Kuramoto-Sivashinsky,Spectral-residual (joint),256,1,0.3692576832,0.8242527771
Kuramoto-Sivashinsky,Spectral-residual (joint),256,2,0.350751773,0.8265569149
Kuramoto-Sivashinsky,Spectral-residual (joint),256,3,0.3564728132,0.8229422508
Kuramoto-Sivashinsky,Spectral-residual (joint),256,4,0.3664964539,0.8079351753
Kuramoto-Sivashinsky,Spectral-residual (joint),512,0,0.4816264775,0.6866374929
Kuramoto-Sivashinsky,Spectral-residual (joint),512,1,0.4789408983,0.7033628949
Kuramoto-Sivashinsky,Spectral-residual (joint),512,2,0.4646713948,0.7037907222
Kuramoto-Sivashinsky,Spectral-residual (joint),512,3,0.4809125296,0.6938170849
Kuramoto-Sivashinsky,Spectral-residual (joint),512,4,0.4810827423,0.6785892194
Kuramoto-Sivashinsky,Spectral-residual (joint),1024,0,0.5684539007,0.5956351305
Kuramoto-Sivashinsky,Spectral-residual (joint),1024,1,0.5653853428,0.6101011145
Kuramoto-Sivashinsky,Spectral-residual (joint),1024,2,0.549858156,0.6156223999
Kuramoto-Sivashinsky,Spectral-residual (joint),1024,3,0.5617966903,0.6014218321
Kuramoto-Sivashinsky,Spectral-residual (joint),1024,4,0.5868368794,0.5655694553
Kuramoto-Sivashinsky,Spectral-residual+penalty (joint),64,0,0.2662174941,0.9758653991
Kuramoto-Sivashinsky,Spectral-residual+penalty (joint),64,1,0.2729881797,0.984498765
Kuramoto-Sivashinsky,Spectral-residual+penalty (joint),64,2,0.2604775414,1.013815518
Kuramoto-Sivashinsky,Spectral-residual+penalty (joint),64,3,0.2605295508,1.02623685
Kuramoto-Sivashinsky,Spectral-residual+penalty (joint),64,4,0.265427896,1.002631446
Kuramoto-Sivashinsky,Spectral-residual+penalty (joint),128,0,0.3163404255,0.9145604118
Kuramoto-Sivashinsky,Spectral-residual+penalty (joint),128,1,0.3108841608,0.9571270836
Kuramoto-Sivashinsky,Spectral-residual+penalty (joint),128,2,0.3089598109,0.9368909557
Kuramoto-Sivashinsky,Spectral-residual+penalty (joint),128,3,0.3093853428,0.9364696986
Kuramoto-Sivashinsky,Spectral-residual+penalty (joint),128,4,0.3221843972,0.9087075088
Kuramoto-Sivashinsky,Spectral-residual+penalty (joint),256,0,0.3591820331,0.8255721401
Kuramoto-Sivashinsky,Spectral-residual+penalty (joint),256,1,0.3665579196,0.8272558608
Kuramoto-Sivashinsky,Spectral-residual+penalty (joint),256,2,0.3461985816,0.8373013995
Kuramoto-Sivashinsky,Spectral-residual+penalty (joint),256,3,0.3560898345,0.8256240466
Kuramoto-Sivashinsky,Spectral-residual+penalty (joint),256,4,0.3665295508,0.807425074
Kuramoto-Sivashinsky,Spectral-residual+penalty (joint),512,0,0.4884680851,0.6831686286
Kuramoto-Sivashinsky,Spectral-residual+penalty (joint),512,1,0.4779763593,0.7011735777
Kuramoto-Sivashinsky,Spectral-residual+penalty (joint),512,2,0.4739338061,0.692716347
Kuramoto-Sivashinsky,Spectral-residual+penalty (joint),512,3,0.4888368794,0.6886921695
Kuramoto-Sivashinsky,Spectral-residual+penalty (joint),512,4,0.4977919622,0.6575411636
Kuramoto-Sivashinsky,Spectral-residual+penalty (joint),1024,0,0.576713948,0.5969372528
Kuramoto-Sivashinsky,Spectral-residual+penalty (joint),1024,1,0.5733758865,0.5991033932
Kuramoto-Sivashinsky,Spectral-residual+penalty (joint),1024,2,0.5586713948,0.6057705861
Kuramoto-Sivashinsky,Spectral-residual+penalty (joint),1024,3,0.5667423168,0.5965552078
Kuramoto-Sivashinsky,Spectral-residual+penalty (joint),1024,4,0.5851394799,0.5694628224
Kuramoto-Sivashinsky,ESN,64,0,0.1025059102,1.33937173
Kuramoto-Sivashinsky,ESN,64,1,0.09512056738,1.342826281
Kuramoto-Sivashinsky,ESN,64,2,0.09107801418,1.350467299
Kuramoto-Sivashinsky,ESN,64,3,0.0968321513,1.371286131
Kuramoto-Sivashinsky,ESN,64,4,0.09918676123,1.34970973
Kuramoto-Sivashinsky,ESN,128,0,0.1151158392,1.360279682
Kuramoto-Sivashinsky,ESN,128,1,0.1284160757,1.351258526
Kuramoto-Sivashinsky,ESN,128,2,0.1184491726,1.33739716
Kuramoto-Sivashinsky,ESN,128,3,0.1073238771,1.390325752
Kuramoto-Sivashinsky,ESN,128,4,0.115177305,1.430756736
Kuramoto-Sivashinsky,ESN,256,0,0.129498818,1.38518189
Kuramoto-Sivashinsky,ESN,256,1,0.1298392435,1.419899323
Kuramoto-Sivashinsky,ESN,256,2,0.1326619385,1.384551643
Kuramoto-Sivashinsky,ESN,256,3,0.1366666667,1.414010578
Kuramoto-Sivashinsky,ESN,256,4,0.1416548463,1.348168533
Kuramoto-Sivashinsky,ESN,512,0,0.1527754137,1.334411224
Kuramoto-Sivashinsky,ESN,512,1,0.1532718676,1.34215647
Kuramoto-Sivashinsky,ESN,512,2,0.1443451537,1.366611688
Kuramoto-Sivashinsky,ESN,512,3,0.1639338061,1.364671429
Kuramoto-Sivashinsky,ESN,512,4,0.1612198582,1.343377154
Kuramoto-Sivashinsky,ESN,1024,0,0.1758959811,1.26322104
Kuramoto-Sivashinsky,ESN,1024,1,0.1795886525,1.277659331
Kuramoto-Sivashinsky,ESN,1024,2,0.1817635934,1.28453838
Kuramoto-Sivashinsky,ESN,1024,3,0.1893664303,1.312348446
Kuramoto-Sivashinsky,ESN,1024,4,0.1884869976,1.23604435
Kuramoto-Sivashinsky,Kernel DMD,64,0,0,0.999936404
Kuramoto-Sivashinsky,Kernel DMD,64,1,0,0.9999352162
Kuramoto-Sivashinsky,Kernel DMD,64,2,0,0.9999751099
Kuramoto-Sivashinsky,Kernel DMD,64,3,0,0.9985317812
Kuramoto-Sivashinsky,Kernel DMD,64,4,0,1.000004155
Kuramoto-Sivashinsky,Kernel DMD,128,0,0,0.9999097404
Kuramoto-Sivashinsky,Kernel DMD,128,1,0,0.9998198206
Kuramoto-Sivashinsky,Kernel DMD,128,2,0,0.9995950732
Kuramoto-Sivashinsky,Kernel DMD,128,3,2.836879433e-05,0.998895851
Kuramoto-Sivashinsky,Kernel DMD,128,4,3.78250591e-05,0.9993874529
Kuramoto-Sivashinsky,Kernel DMD,256,0,0.000146572104,0.999601172
Kuramoto-Sivashinsky,Kernel DMD,256,1,0.001111111111,0.9945062082
Kuramoto-Sivashinsky,Kernel DMD,256,2,7.092198582e-05,0.9985038062
Kuramoto-Sivashinsky,Kernel DMD,256,3,0.0002458628842,0.993898103
Kuramoto-Sivashinsky,Kernel DMD,256,4,0.000146572104,0.9988170662
Kuramoto-Sivashinsky,Kernel DMD,512,0,0.0004869976359,0.9995456647
Kuramoto-Sivashinsky,Kernel DMD,512,1,0.001768321513,0.9980558182
Kuramoto-Sivashinsky,Kernel DMD,512,2,0.0002411347518,0.9996192352
Kuramoto-Sivashinsky,Kernel DMD,512,3,0.0004255319149,0.9989516225
Kuramoto-Sivashinsky,Kernel DMD,512,4,0.001777777778,0.9973858832
Kuramoto-Sivashinsky,Kernel DMD,1024,0,0.001711583924,0.9986797712
Kuramoto-Sivashinsky,Kernel DMD,1024,1,0.004132387707,0.9968718675
Kuramoto-Sivashinsky,Kernel DMD,1024,2,0.002340425532,0.9974173351
Kuramoto-Sivashinsky,Kernel DMD,1024,3,0.002080378251,0.9989452597
Kuramoto-Sivashinsky,Kernel DMD,1024,4,0.00401891253,0.99475591
Kuramoto-Sivashinsky,Neural ODE,64,0,0.03228841608,1.148039725
Kuramoto-Sivashinsky,Neural ODE,64,1,0.03424586288,1.203571253
Kuramoto-Sivashinsky,Neural ODE,64,2,0.03356973995,1.240794139
Kuramoto-Sivashinsky,Neural ODE,64,3,0.03441134752,1.231383182
Kuramoto-Sivashinsky,Neural ODE,64,4,0.03494089835,1.162629318
Kuramoto-Sivashinsky,Neural ODE,128,0,0.02879905437,1.321742846
Kuramoto-Sivashinsky,Neural ODE,128,1,0.02808510638,1.473100232
Kuramoto-Sivashinsky,Neural ODE,128,2,0.02809456265,1.249805403
Kuramoto-Sivashinsky,Neural ODE,128,3,0.02803782506,1.438406355
Kuramoto-Sivashinsky,Neural ODE,128,4,0.02844444444,1.306861728
Kuramoto-Sivashinsky,Neural ODE,256,0,0.02637352246,1.339746157
Kuramoto-Sivashinsky,Neural ODE,256,1,0.02719621749,1.242267858
Kuramoto-Sivashinsky,Neural ODE,256,2,0.02636879433,1.430571269
Kuramoto-Sivashinsky,Neural ODE,256,3,0.02692198582,1.552280945
Kuramoto-Sivashinsky,Neural ODE,256,4,0.02604255319,1.461514174
Kuramoto-Sivashinsky,Neural ODE,512,0,0.0273427896,1.356478001
Kuramoto-Sivashinsky,Neural ODE,512,1,0.03068085106,1.590216608
Kuramoto-Sivashinsky,Neural ODE,512,2,0.02709219858,1.515291762
Kuramoto-Sivashinsky,Neural ODE,512,3,0.02886052009,1.409771247
Kuramoto-Sivashinsky,Neural ODE,512,4,0.02741843972,1.457964786
Kuramoto-Sivashinsky,Neural ODE,1024,0,0.05876122931,1.367625622
Kuramoto-Sivashinsky,Neural ODE,1024,1,0.06078959811,1.288182338
Kuramoto-Sivashinsky,Neural ODE,1024,2,0.05917257683,1.526708738
Kuramoto-Sivashinsky,Neural ODE,1024,3,0.06138061466,1.55503534
Kuramoto-Sivashinsky,Neural ODE,1024,4,0.06550827423,1.32667646
Kuramoto-Sivashinsky,Consistent KAE,64,0,0.1333427896,1.606713965
Kuramoto-Sivashinsky,Consistent KAE,64,1,0.1253900709,1.843876666
Kuramoto-Sivashinsky,Consistent KAE,64,2,0.1000189125,2.022058366
Kuramoto-Sivashinsky,Consistent KAE,64,3,0.1336028369,1.724169067
Kuramoto-Sivashinsky,Consistent KAE,64,4,0.1224680851,1.953969413
Kuramoto-Sivashinsky,Consistent KAE,128,0,0.1230827423,1.884202283
Kuramoto-Sivashinsky,Consistent KAE,128,1,0.112141844,1.797400982
Kuramoto-Sivashinsky,Consistent KAE,128,2,0.09416548463,1.622639931
Kuramoto-Sivashinsky,Consistent KAE,128,3,0.1221323877,1.785989409
Kuramoto-Sivashinsky,Consistent KAE,128,4,0.09586761229,1.800811635
Kuramoto-Sivashinsky,Consistent KAE,256,0,0.07464775414,0.9942418342
Kuramoto-Sivashinsky,Consistent KAE,256,1,0.06822695035,1.003435364
Kuramoto-Sivashinsky,Consistent KAE,256,2,0.07282269504,1.077338453
Kuramoto-Sivashinsky,Consistent KAE,256,3,0.06880378251,1.009265228
Kuramoto-Sivashinsky,Consistent KAE,256,4,0.06311583924,1.010254238
Kuramoto-Sivashinsky,Consistent KAE,512,0,0.07871394799,1.041458548
Kuramoto-Sivashinsky,Consistent KAE,512,1,0.06743262411,0.997186593
Kuramoto-Sivashinsky,Consistent KAE,512,2,0.06303073286,1.002374714
Kuramoto-Sivashinsky,Consistent KAE,512,3,0.06791489362,1.008054131
Kuramoto-Sivashinsky,Consistent KAE,512,4,0.07558865248,1.082350507
Kuramoto-Sivashinsky,Consistent KAE,1024,0,0.03280378251,1.000921655
Kuramoto-Sivashinsky,Consistent KAE,1024,1,0.03191962175,1.000426075
Kuramoto-Sivashinsky,Consistent KAE,1024,2,0.03068085106,1.000777888
Kuramoto-Sivashinsky,Consistent KAE,1024,3,0.03030732861,1.000162983
Kuramoto-Sivashinsky,Consistent KAE,1024,4,0.03301182033,1.000458604
